Treatments,Time,S01,S02,S03,S04,S05,S06,S07,S08,S09,S10,S11,S12,R01,R02,R03,R04,R05,R06,R07,R08,R09,R10,R11,R12,R13,R14,R15
W0001,0,0.25,0.25,0.25,0.25,0.25,0.25,0.25,0.25,0.25,0.25,0.25,0.25,80.0,0.0,0.0,0.0,0.0,0.0,0.0,0.0,0.0,0.0,0.0,0.0,0.0,0.0,0.0
W0001,3,0.9926364798646028,0.8942338135358054,0.8660049719164852,0.9265242029271648,1.0462592738514171,0.9035837584488344,1.1689595452523354,0.971292854376276,0.6784829775769314,1.157650278605029,1.086032139316398,1.2356954211061686,8.402105786758918,1.6732566897642085,4.671787103807596,5.264081680777291,5.756730209777071,5.788608973920754,6.844227870085008,3.3790856591229987,0.7952051460384338,1.5984579458979844,2.081558223501492,0.2009155569801157,4.269448890449971,6.1828273306542005,4.612435193010482
W0001,6,0.7716333955974921,0.237366844792542,0.6587484433188016,0.7064398955789362,0.4649558377594329,0.2095603304847394,0.5662682346968329,0.4862696789692441,0.269906889470654,0.6228433978002123,0.4018658899083553,0.5740026233303891,0.2710154284661825,1.849617761314028,1.062500352181177,2.49535580224329,4.738363342185367,1.2328756513708778,3.299731448860252,1.2202633201087352,1.3899481970674838,0.8322275208576364,1.7685910108543224,1.0837008614607333,8.991766062230758,9.257053760154127,6.131957040735883
W0002,0,3.0,0.0,0.0,0.0,0.0,0.0,0.0,0.0,0.0,0.0,0.0,0.0,80.0,0.0,0.0,0.0,0.0,0.0,0.0,0.0,0.0,0.0,0.0,0.0,0.0,0.0,0.0
W0002,3,11.74424594472564,0.0,0.0,0.0,0.0,0.0,0.0,0.0,0.0,0.0,0.0,0.0,11.036227590897145,0.3787836738597771,0.2958152512015411,2.160735046306318,0.6825070636414643,10.814525047895192,15.017991618188926,0.3889904206835657,1.862619386392345,0.1211745066304883,0.0694851713868367,0.2653940701290587,2.2751284458102674,4.507958090921504,6.552936172911573
W0002,6,6.025134922878202,0.0,0.0,0.0,0.0,0.0,0.0,0.0,0.0,0.0,0.0,0.0,0.3251715722742636,0.6317950148489885,0.99453039069202,0.647300922161898,1.776462062911603,0.6709216292441574,1.0328375497821405,0.6012028413831492,2.47857254408602,0.8518014462066039,1.479059595613589,1.8429329425496408,3.6735753175269625,9.779141557559049,13.063987503052664
W0003,0,0.0,3.0,0.0,0.0,0.0,0.0,0.0,0.0,0.0,0.0,0.0,0.0,80.0,0.0,0.0,0.0,0.0,0.0,0.0,0.0,0.0,0.0,0.0,0.0,0.0,0.0,0.0
W0003,3,0.0,8.496858810818098,0.0,0.0,0.0,0.0,0.0,0.0,0.0,0.0,0.0,0.0,18.146086120905853,0.040725535879847,0.7266689575174001,12.919255580683432,1.0180197048878616,0.610204356551753,8.163835553850816,0.5205826526921818,0.0472181327200684,0.0112401005681653,0.5738889888749659,-0.062364264502339,1.8929614945699451,13.988552611416898,2.0041391707574365
W0003,6,0.0,4.26509059024886,0.0,0.0,0.0,0.0,0.0,0.0,0.0,0.0,0.0,0.0,0.8428498864368494,0.3959944883399369,0.7728740332258903,13.614365836214356,1.825137462341892,0.8657836411143318,3.913479033487835,0.9837315061404118,0.4061040608301064,0.0837053421640109,0.9829389968988568,0.1058187697320117,3.316390032166864,18.23889370957985,4.655562061667355
W0004,0,0.0,0.0,3.0,0.0,0.0,0.0,0.0,0.0,0.0,0.0,0.0,0.0,80.0,0.0,0.0,0.0,0.0,0.0,0.0,0.0,0.0,0.0,0.0,0.0,0.0,0.0,0.0
W0004,3,0.0,0.0,10.304840831528557,0.0,0.0,0.0,0.0,0.0,0.0,0.0,0.0,0.0,11.146182471196958,6.741614457078877,1.1402592362221993,10.20200668869642,6.323211809207471,0.4561556281344786,2.0481468967507035,0.7908129348694922,-0.0061155964460869,0.1141227729263656,0.0541025605115096,0.078971132027074,6.098507797714203,10.468635071477506,2.6688752590317013
W0004,6,0.0,0.0,5.400189368265613,0.0,0.0,0.0,0.0,0.0,0.0,0.0,0.0,0.0,0.7659753348185729,6.256821507906111,0.325746973842111,9.610964221662398,2.2743778702110133,1.0400987324024582,0.9963646769044188,0.6109222958195943,0.4774832963827312,1.649152446004922,0.216861928348524,0.6775508346647006,6.350966547766442,12.80347146879027,4.232307754989082
W0005,0,0.0,0.0,0.0,3.0,0.0,0.0,0.0,0.0,0.0,0.0,0.0,0.0,80.0,0.0,0.0,0.0,0.0,0.0,0.0,0.0,0.0,0.0,0.0,0.0,0.0,0.0,0.0
W0005,3,0.0,0.0,0.0,13.210408431598868,0.0,0.0,0.0,0.0,0.0,0.0,0.0,0.0,4.483437659505998,0.7469521104425733,0.0313825567400305,1.378562800582527,32.0139863932834,1.1320429753664842,0.6165391138790198,0.243920902762771,-0.001037247692197,0.9990670123522576,0.036379691292174,2.106986605824515,4.922493769767934,3.9063900950628607,3.442540170740733
W0005,6,0.0,0.0,0.0,5.701329094491384,0.0,0.0,0.0,0.0,0.0,0.0,0.0,0.0,0.2386455348396958,0.7890552953159128,0.1609953928634573,1.9237120684504612,2.2927652202538216,1.3170324226710144,3.1299619590512493,0.4785222328001183,0.1605877337106502,1.2272441201274549,0.129314675595341,1.7021086865348969,17.448888778933693,5.782441982558993,4.6015283973391545
W0006,0,0.0,0.0,0.0,0.0,3.0,0.0,0.0,0.0,0.0,0.0,0.0,0.0,80.0,0.0,0.0,0.0,0.0,0.0,0.0,0.0,0.0,0.0,0.0,0.0,0.0,0.0,0.0
W0006,3,0.0,0.0,0.0,0.0,12.558561698425171,0.0,0.0,0.0,0.0,0.0,0.0,0.0,11.60990668399706,5.003117805533106,0.3374438193610749,13.089315695849123,0.8835037651875892,1.7029639004220998,3.462593191781396,0.5040079744180256,3.4799115183965217,8.536622315350197,0.3194169800619449,0.7836467564891422,3.119217826594052,5.709189506161067,0.789995705517143
W0006,6,0.0,0.0,0.0,0.0,5.342111262548992,0.0,0.0,0.0,0.0,0.0,0.0,0.0,0.1323317438841233,4.862984763559696,0.4427097052054325,12.94961231373482,0.8502287666775812,2.2532371672718146,4.622771958664709,0.61930584475173,0.1592678619082062,0.1032935013996538,1.1906359665592088,0.3431679253448421,3.61032138589802,6.232284650872735,4.16525336857851
W0007,0,0.0,0.0,0.0,0.0,0.0,3.0,0.0,0.0,0.0,0.0,0.0,0.0,80.0,0.0,0.0,0.0,0.0,0.0,0.0,0.0,0.0,0.0,0.0,0.0,0.0,0.0,0.0
W0007,3,0.0,0.0,0.0,0.0,0.0,11.15187495316006,0.0,0.0,0.0,0.0,0.0,0.0,11.97025256252665,0.0552419892795134,1.9379868632414652,7.695368012956926,1.0799522351139317,9.877138844674588,1.0038308019870348,8.989080008256785,-0.0599170311787219,-0.0137030439270091,-0.0011984397964468,0.1193229564372007,7.890113814410127,0.7345735984635713,10.266373224409508
W0007,6,0.0,0.0,0.0,0.0,0.0,2.9938818123401494,0.0,0.0,0.0,0.0,0.0,0.0,0.1311041546681455,2.193227490471909,2.408934396397292,10.630956071819249,1.5214391823036724,0.5201482480896755,2.8088332226512143,9.96769798423237,0.1629560119619596,0.0352515300785018,-0.0154362283520163,0.0155292073394855,10.188078172968783,0.9288781542848464,12.293553526097783
W0008,0,0.0,0.0,0.0,0.0,0.0,0.0,3.0,0.0,0.0,0.0,0.0,0.0,80.0,0.0,0.0,0.0,0.0,0.0,0.0,0.0,0.0,0.0,0.0,0.0,0.0,0.0,0.0
W0008,3,0.0,0.0,0.0,0.0,0.0,0.0,12.814435037929464,0.0,0.0,0.0,0.0,0.0,1.2860518187510044,0.3943255467208753,5.09802566494422,0.2484136586732694,12.016533029975031,0.3569444432976059,0.5128905792682076,1.5540930470067815,0.2511287690997673,0.0970613458864767,17.656790997671305,0.177760007096901,2.319215866017537,10.569580986596156,1.0468744129821907
W0008,6,0.0,0.0,0.0,0.0,0.0,0.0,3.9563659006022527,0.0,0.0,0.0,0.0,0.0,0.1728253934874839,0.6208461376149159,5.992718733053859,0.380869999212353,4.054679687171111,3.010911190876538,0.7853788036070498,1.3631019584151285,0.4708521537763602,0.9972742709639144,5.096133406548844,0.7399644172027764,5.796415597653555,13.984579108276904,3.914151581964583
W0009,0,0.0,0.0,0.0,0.0,0.0,0.0,0.0,3.0,0.0,0.0,0.0,0.0,80.0,0.0,0.0,0.0,0.0,0.0,0.0,0.0,0.0,0.0,0.0,0.0,0.0,0.0,0.0
W0009,3,0.0,0.0,0.0,0.0,0.0,0.0,0.0,11.415406277313853,0.0,0.0,0.0,0.0,4.154959796515601,0.0834117620806129,6.653060246683709,2.652899965717286,0.268416548400372,9.1675197070527,0.2608369724380118,24.756216495943907,0.1346137307423431,0.9654113470666172,0.0041676091078949,0.5373149088599815,1.5058323345207811,3.136995589213916,2.131841077485683
W0009,6,0.0,0.0,0.0,0.0,0.0,0.0,0.0,5.521939524819161,0.0,0.0,0.0,0.0,0.2505106911207468,-0.0320078496117487,3.803077779852448,3.140359439159925,1.1633057116011971,0.5376806961063031,2.3082920829912763,13.988517632911185,0.2147195786105732,1.7100248399057998,0.0414078730028024,0.4059605033107995,5.641003296743517,4.433269746245908,9.29118116378192
W0010,0,0.0,0.0,0.0,0.0,0.0,0.0,0.0,0.0,3.0,0.0,0.0,0.0,80.0,0.0,0.0,0.0,0.0,0.0,0.0,0.0,0.0,0.0,0.0,0.0,0.0,0.0,0.0
W0010,3,0.0,0.0,0.0,0.0,0.0,0.0,0.0,0.0,9.426388894536808,0.0,0.0,0.0,21.01209856565038,7.942983284351981,0.0483488936081622,2.2141407338320103,8.711481714368576,-0.0342656046993191,13.196855833936048,3.7085796386495047,-0.0987867053042195,0.9383983190463864,0.0057916838509641,0.0024712633397579,0.1020722423966863,2.609377076697581,2.6219103714087533
W0010,6,0.0,0.0,0.0,0.0,0.0,0.0,0.0,0.0,2.986650542522653,0.0,0.0,0.0,0.6752212193034131,8.007004959911798,0.2257646582221126,2.768819015550675,10.721124056886737,0.1135854455919322,17.295938814313917,0.3743525098812489,0.1211749900577092,1.8037978858000927,0.4726830980594727,0.2710378867634408,1.0858633679424927,5.188731850388372,3.646651321368108
W0011,0,0.0,0.0,0.0,0.0,0.0,0.0,0.0,0.0,0.0,3.0,0.0,0.0,80.0,0.0,0.0,0.0,0.0,0.0,0.0,0.0,0.0,0.0,0.0,0.0,0.0,0.0,0.0
W0011,3,0.0,0.0,0.0,0.0,0.0,0.0,0.0,0.0,0.0,13.461677832395718,0.0,0.0,3.5133883324726787,-0.0914952127978543,37.54488194569012,2.7421960988248046,0.4805879314513583,0.1663960873073119,0.1208941736462113,-0.0708251435736266,0.3903907281968726,-0.0458733820938166,-0.0589931482643742,0.0118884227276369,0.0662713528543953,11.781683228403052,0.702512131298087
W0011,6,0.0,0.0,0.0,0.0,0.0,0.0,0.0,0.0,0.0,6.432197307742885,0.0,0.0,0.2663512180886493,0.3750666171826544,10.771266208495517,4.533581540719193,5.080792793799123,0.9685445531339592,0.24205301056047,0.0879922557478862,0.3598231147803618,0.3139867693458369,0.5338736933586521,0.4955331885067155,1.1524533709111855,13.94561475216875,1.1009877344490615
W0012,0,0.0,0.0,0.0,0.0,0.0,0.0,0.0,0.0,0.0,0.0,3.0,0.0,80.0,0.0,0.0,0.0,0.0,0.0,0.0,0.0,0.0,0.0,0.0,0.0,0.0,0.0,0.0
W0012,3,0.0,0.0,0.0,0.0,0.0,0.0,0.0,0.0,0.0,0.0,12.749505989484677,0.0,5.656587206351054,0.0768055462853795,0.0750102892630582,0.6788360389912669,-0.1176374796435028,1.9475238743052403,26.357884564544587,-0.0052560745605836,5.404929147337659,-0.05409497271834,5.608060730786628,-0.0046142557067184,3.026722511972613,2.8161413842581124,4.974528021694072
W0012,6,0.0,0.0,0.0,0.0,0.0,0.0,0.0,0.0,0.0,0.0,2.463645095972661,0.0,0.011566184964977,0.4323546680466459,0.0677314094223214,0.2409351492175497,0.05428263443132,3.696446143375925,29.246634582287253,0.100636586437358,5.792340513454288,0.2965823973498117,1.2668709122802024,0.3396744472487847,3.970621269120537,2.7897119708323315,6.265972125780318
W0013,0,0.0,0.0,0.0,0.0,0.0,0.0,0.0,0.0,0.0,0.0,0.0,3.0,80.0,0.0,0.0,0.0,0.0,0.0,0.0,0.0,0.0,0.0,0.0,0.0,0.0,0.0,0.0
W0013,3,0.0,0.0,0.0,0.0,0.0,0.0,0.0,0.0,0.0,0.0,0.0,10.733641031590052,1.954268806638858,0.5990997151904783,0.0243268554942859,4.217937350535558,1.1231563299315046,19.02904268510088,0.6468993078617362,0.7318051819481773,0.796061794257058,-0.006630188746483,0.1800486880708829,0.0345665673018554,18.94261027043075,0.090961236353626,5.1180290437013936
W0013,6,0.0,0.0,0.0,0.0,0.0,0.0,0.0,0.0,0.0,0.0,0.0,2.4637892031997857,0.1168549602231423,0.904695041168498,0.3613597656999266,2.795096131337712,1.3077247183238052,28.388043133178,0.2792848052655196,0.3189119138045853,0.9776819622165628,-0.0970357802581152,0.0163530575067437,0.0042734837924806,21.75496126741504,0.9807275636308748,2.9441074664521496
W0014,0,0.0,0.2727272727272727,0.2727272727272727,0.2727272727272727,0.2727272727272727,0.2727272727272727,0.2727272727272727,0.2727272727272727,0.2727272727272727,0.2727272727272727,0.2727272727272727,0.2727272727272727,80.0,0.0,0.0,0.0,0.0,0.0,0.0,0.0,0.0,0.0,0.0,0.0,0.0,0.0,0.0
W0014,3,0.0,0.7670914781796899,0.8540073553967689,1.1116036331188723,1.275214717798582,0.7855893042828058,1.1230742952238562,1.2101512377261463,0.7846533992568119,0.9348514704297528,1.051341493597179,1.1974502751811122,9.58935651897144,1.922193340587214,5.146883988968368,5.48426420698657,6.287822308778926,6.023259894358475,3.3147980608992977,3.120343542757836,0.6946953047266475,1.9593453741129312,2.045276714107945,0.2187687686735053,3.322710781873975,4.47951011897613,3.293362883927519
W0014,6,0.0,0.3135481421031477,0.8460705293637976,0.5951716684352135,0.5368411061588501,0.2653172632030944,0.6128559453923539,0.6316789845003572,0.3017219094264011,0.5296343089013982,0.4172466838864121,0.6575854929998386,0.4063133269609297,2.10337749343127,1.138220181236274,2.692723480397806,5.529622314266417,1.4444199529862318,3.504244062578324,1.1360543829265195,1.4861948678434176,0.8547913448260844,1.9829373402369348,0.9854146032404044,8.012836291371634,9.179206313819757,5.23860516341797
W0015,0,0.2727272727272727,0.0,0.2727272727272727,0.2727272727272727,0.2727272727272727,0.2727272727272727,0.2727272727272727,0.2727272727272727,0.2727272727272727,0.2727272727272727,0.2727272727272727,0.2727272727272727,80.0,0.0,0.0,0.0,0.0,0.0,0.0,0.0,0.0,0.0,0.0,0.0,0.0,0.0,0.0
W0015,3,1.0592093063490295,0.0,0.8763384762817248,1.0026808020688258,1.0479622328455944,0.9498317788989064,1.3772242077479595,1.149035866358118,0.7870310160330284,1.2562191269344145,1.181618839024798,1.1819558606017644,7.315804740096649,1.819970282637464,3.9476575946194528,4.365753326111991,6.276638403544145,5.281090068746577,5.244257068920788,3.805277361986181,0.9996258819309436,1.893974613112773,2.3838810065396085,0.2618429578900593,4.619368426289674,5.25035114580716,3.070818509038475
W0015,6,0.6952640059314683,0.0,0.7116073978081588,0.6301061850437442,0.4798852298371339,0.2761254255952748,0.5761592923276688,0.5100767607326285,0.2861688123380145,0.6025404768785031,0.4298744443495634,0.635612859737693,0.339752507136854,2.054678330449593,1.0443839467974445,2.059847472038632,4.674459849684987,1.3385793499945582,3.185915582739136,1.1384868398109305,1.4048655504039873,0.7663811068497831,1.956484192751076,0.9279138534397032,8.247262682507099,10.539565308158313,6.381044759243682
W0016,0,0.2727272727272727,0.2727272727272727,0.0,0.2727272727272727,0.2727272727272727,0.2727272727272727,0.2727272727272727,0.2727272727272727,0.2727272727272727,0.2727272727272727,0.2727272727272727,0.2727272727272727,80.0,0.0,0.0,0.0,0.0,0.0,0.0,0.0,0.0,0.0,0.0,0.0,0.0,0.0,0.0
W0016,3,0.9184489812815866,0.7337515514442053,0.0,1.370639181687014,1.160783804746932,1.0372410678455244,1.3393221412330858,1.3450695176171252,0.8706586899770971,1.168850759085747,0.9227373579992816,1.2386506199484195,6.708463939522883,1.7298066508871586,5.054250351204043,4.14893049279997,5.575917405441845,6.135699753029747,6.046203500773951,3.4397714122671035,1.011512606245756,1.754311042205424,2.459427329496997,0.2527907064575143,3.909652622465299,5.142299578335313,3.247479490011585
W0016,6,0.7512709899987298,0.2938401423730827,0.0,0.8195474940300362,0.5774373450902237,0.2696035385646692,0.5491881198158102,0.5480223430596547,0.2847085139315814,0.5355391686005007,0.3559130717543904,0.618471339879592,0.2232380278370459,2.003659034283256,1.5393773904871788,2.9320774771990474,4.921701499965612,1.5001802058218432,4.290369852378555,1.161959603127881,1.259210644816656,0.6303114811571702,1.9906634559677272,1.098079852323385,8.155713451695224,9.88103973820018,7.658278682756271
W0017,0,0.2727272727272727,0.2727272727272727,0.2727272727272727,0.0,0.2727272727272727,0.2727272727272727,0.2727272727272727,0.2727272727272727,0.2727272727272727,0.2727272727272727,0.2727272727272727,0.2727272727272727,80.0,0.0,0.0,0.0,0.0,0.0,0.0,0.0,0.0,0.0,0.0,0.0,0.0,0.0,0.0
W0017,3,1.2502488344809528,0.8247738219368352,0.942335179480393,0.0,1.0819666401649377,1.0149768072340553,1.0079860341693077,1.1998423272296426,0.717376777241373,1.0810119815784236,0.9693933678169144,1.2669500230896729,9.91858617836922,1.5166295677924784,4.318996665162566,4.71813852426273,3.010984644023943,5.805379050864494,5.706335055668189,3.684024243573919,1.054315018487325,1.802446205374417,1.9005439205450028,0.1599603607763454,4.74011013612768,4.879423348570304,3.956562908888892
W0017,6,0.6490294173605469,0.2150736769154967,0.9006650857088369,0.0,0.499334862036247,0.2597442703597264,0.728051622726244,0.6105826710893901,0.3466881999242022,0.7287781298480247,0.4385525249369202,0.6009424090981311,0.2611237327694826,2.0126096471998838,1.4085954833988628,2.0586023286977992,3.320924844302058,1.3881387684147384,2.482340984822585,1.1299985183018564,1.1948658097141336,0.6507068593380276,2.001722794107476,1.1646308037347193,7.523969353774455,11.144823117006757,6.616488802841388
W0018,0,0.2727272727272727,0.2727272727272727,0.2727272727272727,0.2727272727272727,0.0,0.2727272727272727,0.2727272727272727,0.2727272727272727,0.2727272727272727,0.2727272727272727,0.2727272727272727,0.2727272727272727,80.0,0.0,0.0,0.0,0.0,0.0,0.0,0.0,0.0,0.0,0.0,0.0,0.0,0.0,0.0
W0018,3,1.2377886211066884,0.7974621127348257,0.8793034434722302,1.1256872289527609,0.0,0.8231419836908985,1.216467146931822,0.9863231553561236,0.8570230252999969,1.139993730619195,0.8441778054438701,1.310872249050287,7.174052686493469,1.6344601631970603,4.965827800639092,4.629203842568251,6.92244066820854,4.90678834102244,6.119724189415122,3.486720921148472,0.8689297591388919,0.3956513698510456,2.76591129212892,0.3229411368624924,4.684394871064968,5.60845326998651,4.289034494721779
W0018,6,0.6551178221462444,0.2889350018173135,0.634669868351482,0.758159497571756,0.0,0.2117519122463921,0.657668583025358,0.5976207123432863,0.3200831381551512,0.6742448538661057,0.3162787380024294,0.5609595804551898,0.2810743278662294,2.04057641871622,0.9670911263819422,2.020973751800242,4.296574700323267,1.4526771425223302,3.025655068155434,1.1379607095635775,1.4560918121928244,1.4008487570326853,1.6517401942482692,0.8740911537005006,7.820543334360311,11.58111654906298,6.651802913323427
W0019,0,0.2727272727272727,0.2727272727272727,0.2727272727272727,0.2727272727272727,0.2727272727272727,0.0,0.2727272727272727,0.2727272727272727,0.2727272727272727,0.2727272727272727,0.2727272727272727,0.2727272727272727,80.0,0.0,0.0,0.0,0.0,0.0,0.0,0.0,0.0,0.0,0.0,0.0,0.0,0.0,0.0
W0019,3,1.0602408024474013,0.8092512307144125,0.9335163816085754,1.4204025701534724,1.273039974229975,0.0,1.3574172094069488,1.0644199179342873,0.6318325399389502,1.2300273853475128,1.1940817230158594,1.0323797985869334,8.390367057396594,1.9223555909105372,5.420384414907676,5.156104458758449,6.280472949771002,4.603813010890303,6.672470690875168,2.9891892938212767,0.8818343093631685,1.968864995320017,2.402760715722486,0.3788977217767426,3.923105748332141,5.097957353412463,3.361983248983441
W0019,6,0.652975883227042,0.2888043324277338,0.5942046417213731,0.6135823923859328,0.5884070474790967,0.0,0.5984098149690612,0.5241782853790705,0.3589439865315709,0.6840729340779006,0.402836741486848,0.6150510582356704,0.3387200697703948,1.7981226044042655,0.8607830714490048,2.284122544925727,4.517605009034522,1.5126026776142347,3.018971687181776,1.1051268784838362,1.1333529688628792,0.9425219230311764,1.7464144630401286,1.193087413226214,8.714489714274569,8.547981289737942,5.9427769396213925
W0020,0,0.2727272727272727,0.2727272727272727,0.2727272727272727,0.2727272727272727,0.2727272727272727,0.2727272727272727,0.0,0.2727272727272727,0.2727272727272727,0.2727272727272727,0.2727272727272727,0.2727272727272727,80.0,0.0,0.0,0.0,0.0,0.0,0.0,0.0,0.0,0.0,0.0,0.0,0.0,0.0,0.0
W0020,3,1.1790498419620052,0.7880621797144054,0.99561988541197,1.1362109156868512,0.9643299470061012,0.9197638126196211,0.0,1.1783916106298005,0.6880450761754108,1.325220576694301,0.9890180186809376,1.141695850272323,8.998072001982642,2.1470691142863,4.416237786491164,5.638486996552403,4.865194354949451,5.1311067001022606,5.38301285066662,4.204904105617407,0.8812252691162038,2.09193298094298,0.633895823117946,0.3250695102067862,4.181471009903937,5.303993208806419,3.7186119704407488
W0020,6,0.9504705895934548,0.2922825227878776,0.7031078985991778,0.5165156490250798,0.6010472037130915,0.2687501633005182,0.0,0.5885340822446903,0.3120853691322564,0.6786403895613484,0.5720848797048182,0.5077571367633755,0.329407196644209,2.087930238751155,0.951016131701937,3.591410290058879,4.999917722078402,1.5749954218511686,2.7599402209934034,1.1489375905183672,1.3429554139743085,0.7181337011497875,1.296811108966052,0.9602027467785283,7.7211337694488735,8.19907991926418,8.040362929420903
W0021,0,0.2727272727272727,0.2727272727272727,0.2727272727272727,0.2727272727272727,0.2727272727272727,0.2727272727272727,0.2727272727272727,0.0,0.2727272727272727,0.2727272727272727,0.2727272727272727,0.2727272727272727,80.0,0.0,0.0,0.0,0.0,0.0,0.0,0.0,0.0,0.0,0.0,0.0,0.0,0.0,0.0
W0021,3,0.934201085541836,0.8704403220340846,0.9103096628718146,1.423461763789032,1.0139702451525756,0.9459255169418002,1.209738582615202,0.0,0.848480856010149,1.1037046654383802,1.1520692114223412,1.235646743479576,7.122824043671458,2.1539098588088934,5.443626789924398,5.141555709662536,4.915191868498986,4.758682740565516,6.451960271485439,1.4396627868045588,0.7902221789309543,2.0766529018746778,2.19443645378422,0.2612292316667546,4.769036799560275,5.304242784403459,3.914529904942885
W0021,6,0.7598343097493641,0.2773269000854846,0.7039653466595979,0.7307473729364776,0.5025115692522928,0.2142704208454617,0.5684114176861195,0.0,0.3477163398061295,0.6044801251378074,0.3692687755201896,0.7095879882194713,0.2386355069973861,1.7116227278560476,1.031494418286779,1.8792551632006576,4.805612943716571,1.65203931232017,2.7923296976529346,1.0170146117639605,1.2645074414610675,0.7979978479587916,2.0972208800452714,1.1104177615170472,8.451047283562536,8.90109292543319,5.953983246631559
W0022,0,0.2727272727272727,0.2727272727272727,0.2727272727272727,0.2727272727272727,0.2727272727272727,0.2727272727272727,0.2727272727272727,0.2727272727272727,0.0,0.2727272727272727,0.2727272727272727,0.2727272727272727,80.0,0.0,0.0,0.0,0.0,0.0,0.0,0.0,0.0,0.0,0.0,0.0,0.0,0.0,0.0
W0022,3,1.0313356120405917,0.7632982222984604,0.9152211777211438,1.167788655901696,1.008744171119638,0.8394424956132034,1.2519790695233834,1.1822282332829457,0.0,1.123913850628462,0.9884368796616247,1.225248819781288,8.730423186906474,1.0850160195101877,4.738907259314254,5.24891305491458,6.404337806196542,6.098466897389435,4.723157936971104,3.1903549992164506,0.7732497025105913,1.824881596044014,2.1808722447107614,0.2309151043015838,5.02186468059152,6.076153055351801,4.167458350448806
W0022,6,0.7894492196303546,0.3339646085677979,0.7494242249079678,0.7797596245204711,0.5103569662892768,0.275521766683804,0.5438561189979664,0.5887450861672231,0.0,0.7528811465009285,0.3575459705008409,0.6260728907546421,0.3139894621045044,1.5228884767645,0.897664620783732,2.112582195855995,3.756432740033919,1.2476370188937285,2.8961337844177946,1.2873497232453133,1.1365801353949598,0.8020983104921038,1.7615737607966646,1.0304607476178886,9.60461981516111,9.323065411932204,7.832611274746291
W0023,0,0.2727272727272727,0.2727272727272727,0.2727272727272727,0.2727272727272727,0.2727272727272727,0.2727272727272727,0.2727272727272727,0.2727272727272727,0.2727272727272727,0.0,0.2727272727272727,0.2727272727272727,80.0,0.0,0.0,0.0,0.0,0.0,0.0,0.0,0.0,0.0,0.0,0.0,0.0,0.0,0.0
W0023,3,1.026465949135407,0.9670969239906516,0.9764012107439068,1.177450073350857,1.1931204747073536,0.9888282065754094,1.2560609385954633,1.265993220010099,0.6982897227503779,0.0,1.144096587840857,1.033468470913604,8.511146780620319,1.9143037879089468,1.7851340671066716,6.177772424074004,6.593457659292332,6.829555635088242,5.842024540207896,3.3829383914320803,0.813472708116455,1.9582241610759348,2.5742328571919826,0.3167318206689214,4.276035014675009,5.004661278077023,4.054803168633147
W0023,6,0.7898129613124951,0.3094191577089138,0.6743770246317169,0.444559795503255,0.4622734716503939,0.2600472717471185,0.7019071036004948,0.6502935976427155,0.4222756971028888,0.0,0.4569490053392054,0.5664405841963289,0.3860029366913868,2.062683244704816,0.9183603812071908,2.3245755296913213,4.449798143758895,1.6501496269646316,3.1039184129401844,1.1654037129505097,1.7864888511504071,0.7200522862773584,1.809154894928819,1.067664946564665,8.947992099652001,9.972774052859275,6.388130177534908
W0024,0,0.2727272727272727,0.2727272727272727,0.2727272727272727,0.2727272727272727,0.2727272727272727,0.2727272727272727,0.2727272727272727,0.2727272727272727,0.2727272727272727,0.2727272727272727,0.0,0.2727272727272727,80.0,0.0,0.0,0.0,0.0,0.0,0.0,0.0,0.0,0.0,0.0,0.0,0.0,0.0,0.0
W0024,3,1.0312043677331224,0.9014998254919776,0.8250626445682022,1.3758860097771182,1.119654315368389,1.080342437459234,1.23773606419431,1.236231872963962,0.8428786774197649,1.2349685489062168,0.0,1.388300292363048,7.980526422410058,1.600419194066378,5.351476296149436,5.035407459392255,6.132384482434326,5.198771204144681,4.511986938523194,3.184388894485029,0.3974743597404781,1.7656803277641426,1.6650546581499577,0.2946227342127762,4.884586723369997,6.296267345752717,3.233362080377153
W0024,6,0.75093996021284,0.2630978876094177,0.5910015443054332,0.692523045483906,0.4895234785872415,0.2616952597860342,0.8297875439016275,0.5541588692375423,0.4144804315050782,0.5108145203133968,0.0,0.6741915822884115,0.4058774521275202,2.166068071545544,1.210726061345687,2.4144810414540423,4.70437981202808,1.4197625699563312,3.0202108607062965,0.9259397196240716,1.189470082673059,0.7545097079582209,1.5313287704187022,0.882442321971343,8.294130592590735,9.47568858397851,6.728733626401908
W0025,0,0.2727272727272727,0.2727272727272727,0.2727272727272727,0.2727272727272727,0.2727272727272727,0.2727272727272727,0.2727272727272727,0.2727272727272727,0.2727272727272727,0.2727272727272727,0.2727272727272727,0.0,80.0,0.0,0.0,0.0,0.0,0.0,0.0,0.0,0.0,0.0,0.0,0.0,0.0,0.0,0.0
W0025,3,0.983723055883681,0.7504295376468688,1.009831247833162,1.1219004566822754,1.2271414678498642,0.9933641674090672,1.186665453884714,1.2446359733376309,0.9396101414222616,1.2575800639900865,1.079950192489326,0.0,8.692507097754437,1.656689601436509,4.733587418831736,5.36714109043034,5.132219386284827,4.670798657159801,6.45029654792888,3.300847715716926,0.8125810273666327,2.397946955975925,2.2396781418831,0.2679033718698744,3.053963781561759,6.041314624948638,3.6497210572384056
W0025,6,0.6632995521406587,0.2898657940989756,0.6394639194445855,0.6312655905090725,0.5904518778494451,0.2420718024726086,0.5405389856828531,0.5798248357966137,0.3699010647692466,0.5819165969888878,0.3466263937728581,0.0,0.2891406070673525,1.5555519854940312,0.8816245950255979,2.527334709232397,4.468268455608095,1.3949009648556376,3.243402449508061,0.8924335778665359,1.214418025298846,0.7424478166673173,2.6946649532057845,0.8499215344216426,7.128218656381026,10.843921994438448,6.420289708067212
W0092,0,0.4285714285714285,0.4285714285714285,0.0,0.4285714285714285,0.0,0.0,0.4285714285714285,0.0,0.4285714285714285,0.4285714285714285,0.0,0.4285714285714285,80.0,0.0,0.0,0.0,0.0,0.0,0.0,0.0,0.0,0.0,0.0,0.0,0.0,0.0,0.0
W0092,3,1.3163594294436984,1.3257120594198395,0.0,1.84300587886416,0.0,0.0,2.0366066077622493,0.0,0.9998640522755098,1.8237747479815052,0.0,1.5595594637592485,7.176425435798628,1.701890940462234,4.946432338170161,3.299154762788832,8.419863946677323,4.724177495423803,5.041824928699548,1.1243392532093122,0.6084918912735875,0.2012965673641412,2.662913399038695,0.2778790161149919,4.795409068768083,6.8195129039656015,3.399421316549301
W0092,6,1.0872396378917648,0.4662261193129402,0.0,1.045145308029138,0.0,0.0,1.034858897404061,0.0,0.3764392372514957,0.9364391203606428,0.0,0.8727210490294378,0.234404043490978,1.800540100075348,1.0304396131366274,1.929513640739596,4.519176710745536,1.2970104626320451,2.8678320645409574,0.7257561099035299,1.385135678602705,0.6996855012377159,1.4290922464332412,1.0348910022282052,7.859734964156023,10.498323834451808,4.938659948953503
W0177,0,0.3,0.3,0.3,0.3,0.0,0.3,0.3,0.3,0.3,0.3,0.3,0.0,80.0,0.0,0.0,0.0,0.0,0.0,0.0,0.0,0.0,0.0,0.0,0.0,0.0,0.0,0.0
W0177,3,1.2178756221269906,0.7867971822918354,1.121565303290541,1.1963867422944263,0.0,1.0432754629281928,1.3120140660622104,1.237666261036125,0.9015744001408385,1.277101994451422,1.0489756597522062,0.0,10.955033915711804,1.5139495626111978,4.485504114617438,3.4008662806367145,5.625727697989163,3.692329829522074,5.30205153948021,4.637606044721411,0.828508906524173,0.3359923050639096,2.648914094827423,0.2850644634806811,3.0576123691752777,6.960689839626044,3.610952837156989
W0177,6,0.8648193698631861,0.2940030833643025,0.7457414138128479,0.7489684772107893,0.0,0.228462653426588,0.6873971593019503,0.5793871838725891,0.3693975951244942,0.5037482795538039,0.4398078014452731,0.0,0.3606325012074281,2.010142181472499,1.0673350854003698,2.302625780318236,3.9940298246969865,1.1568881536635536,3.103363693408829,0.9639316306184972,1.0002875683866823,1.2512700477240937,3.414151628283673,0.7361460379773789,7.383035227317975,10.484307317851648,5.5168881319998615
W0216,0,0.0,0.0,0.375,0.375,0.375,0.375,0.0,0.375,0.375,0.375,0.0,0.375,80.0,0.0,0.0,0.0,0.0,0.0,0.0,0.0,0.0,0.0,0.0,0.0,0.0,0.0,0.0
W0216,3,0.0,0.0,1.2182097477449545,1.426732635572741,1.704417834653227,1.250003188000543,0.0,1.6113914154299702,1.0601799908893683,1.4128239477942788,0.0,1.5979962679291762,9.637184023701964,2.5124464280102026,6.057725018656203,4.1877829263449335,7.024490104114797,5.750641290484613,2.714111532342613,4.847079663963469,0.2627475022941861,2.5969488748471043,0.0451510520159296,0.3380129352100604,4.677448277349991,4.256503277630779,3.605841989427274
W0216,6,0.0,0.0,0.9739923316046007,0.8298905195015625,0.7228860760150901,0.3349784208152829,0.0,0.7177651620876643,0.434109946535356,0.8588936312321421,0.0,0.5998730412320842,0.2942410208002833,2.5465949411212687,0.7549245377193097,6.068698802158062,4.443828393483885,1.152102841572556,2.4535950602943344,0.9346046684660486,0.9960999915773542,0.4928328550535256,0.4443099920865643,0.7816689135404152,10.425675234911786,8.155386937423096,6.526611462124653
W0274,0,0.0,0.0,0.0,0.0,0.4285714285714285,0.4285714285714285,0.4285714285714285,0.4285714285714285,0.4285714285714285,0.0,0.4285714285714285,0.4285714285714285,80.0,0.0,0.0,0.0,0.0,0.0,0.0,0.0,0.0,0.0,0.0,0.0,0.0,0.0,0.0
W0274,3,0.0,0.0,0.0,0.0,1.8103898602727049,1.5722009947942943,2.0445484124254114,1.996314070975632,1.0722940299512416,0.0,1.6166111300208317,1.7231885342168356,8.0207422490094,2.3158265712634414,2.269234980749791,4.096792426994689,3.150379782127182,6.183428006982181,6.32711476141344,5.011755761479608,0.8993628917754122,3.397308928899089,3.637660788692002,0.1195851546797362,4.218073802275038,3.4901914065120727,3.694005895951432
W0274,6,0.0,0.0,0.0,0.0,0.8079416016674723,0.3249463406287332,0.7938534584991568,0.8255092412967077,0.7480311130221805,0.0,0.5013665473336584,1.0808528118518914,0.1784753874504817,2.295288429305173,3.549839421267174,1.7870025024177123,4.1165213281560895,1.7484367473315308,4.367066861874257,1.3374834157308273,1.5105743909146916,0.5840046244033188,1.753324661064582,1.031278133335875,8.036279647805792,7.884905244473577,6.948979167585538
W0309,0,0.0,0.6,0.6,0.0,0.6,0.0,0.0,0.0,0.6,0.6,0.0,0.0,80.0,0.0,0.0,0.0,0.0,0.0,0.0,0.0,0.0,0.0,0.0,0.0,0.0,0.0,0.0
W0309,3,0.0,1.9877070386995424,1.8300154827033777,0.0,2.45216165908074,0.0,0.0,0.0,1.5470528792805809,2.306365616989419,0.0,0.0,12.14984437016582,3.7850071550407063,7.676766284157999,9.101705377279684,3.469342482225321,0.654212335067212,4.856116036885052,1.3000174717580646,0.1753018121526945,3.9109172294699968,0.1372461174465988,0.037552131853218,2.431228202456735,9.08427999333584,1.773221034487077
W0309,6,0.0,0.7606296149461802,1.2938624095674744,0.0,1.2197815840875317,0.0,0.0,0.0,0.5866454689272219,1.5489932601931395,0.0,0.0,0.4581900847619428,1.4813368539622978,0.8551923907925482,8.806729550540622,3.3961266639957355,1.1236619899094855,3.00824208567209,0.4308731516541035,0.8440496666768911,0.4019670358622582,0.7225761805352174,0.9180364130258778,7.569855920091526,9.886547341787814,3.934043751284144
W0385,0,0.6,0.6,0.0,0.0,0.6,0.0,0.0,0.6,0.0,0.0,0.0,0.6,80.0,0.0,0.0,0.0,0.0,0.0,0.0,0.0,0.0,0.0,0.0,0.0,0.0,0.0,0.0
W0385,3,2.557280186410628,1.813671046800924,0.0,0.0,2.75976549150156,0.0,0.0,2.3989735152625595,0.0,0.0,0.0,2.930734664738207,7.262884706313041,1.40033629620786,1.595655119860794,6.2911597505756784,0.8443150113926428,10.150222734834982,4.944698872905157,5.228709800946983,0.7877920568465623,3.798898933471696,0.1739862160930342,0.1702619925290528,4.627351103062084,5.478642231091105,3.2767324433994447
W0385,6,2.0049121208749323,0.6614948506836097,0.0,0.0,1.2401216978449328,0.0,0.0,1.3210991916153385,0.0,0.0,0.0,1.2046321148788546,0.3553031465628007,1.8947794251079813,2.477571535535516,2.463875402491297,1.983383171585912,1.214785888258433,2.1205078460294677,1.546883950442957,0.8755372326171957,0.4447565053419969,0.6992426880605846,1.001842112479597,10.132216622144284,6.636596691599555,8.0776414152941
W0403,0,0.0,0.0,0.0,0.0,1.0,1.0,0.0,0.0,1.0,0.0,0.0,0.0,80.0,0.0,0.0,0.0,0.0,0.0,0.0,0.0,0.0,0.0,0.0,0.0,0.0,0.0,0.0
W0403,3,0.0,0.0,0.0,0.0,4.0926214390124445,3.5736251845072715,0.0,0.0,3.155581030262837,0.0,0.0,0.0,12.009326394270564,5.012323484002899,0.7872684895756238,6.755849437901059,3.238985561673611,4.562123780955569,5.445702216064405,4.04859574456983,0.2911862690357237,5.219630776977108,0.0863708860147134,0.1659363103786429,3.311115514597012,2.699720576458525,4.421035880023172
W0403,6,0.0,0.0,0.0,0.0,1.7264390050208498,1.205578161607569,0.0,0.0,1.071975594106245,0.0,0.0,0.0,0.1294890543061272,5.2722655100613895,1.167397503489183,11.505562230064804,4.637971871269427,1.2331143798714332,7.200461228665303,0.6705064992869239,0.4601888704800838,0.2843317628211794,0.5181851431867976,0.5475694592908535,5.0275382585974135,4.8163308102849305,7.3298545365285985
W0411,0,0.4285714285714285,0.0,0.4285714285714285,0.0,0.4285714285714285,0.4285714285714285,0.0,0.4285714285714285,0.4285714285714285,0.4285714285714285,0.0,0.0,80.0,0.0,0.0,0.0,0.0,0.0,0.0,0.0,0.0,0.0,0.0,0.0,0.0,0.0,0.0
W0411,3,1.4807465653307152,0.0,1.604945999012006,0.0,1.5167828093806297,1.7013205872022483,0.0,1.7942083276903973,1.3452929125604811,1.9377596256289615,0.0,0.0,7.754894851549144,3.113859918430121,5.7433325799826855,5.941106157817746,2.190059655852496,5.9999034444404,5.730593995085012,4.541222897824476,0.3900814326599918,2.546091600197272,0.0818459171613735,0.1321891741520099,2.977288841711768,5.6449959712617,3.926223574685808
W0411,6,1.662176822204102,0.0,1.0607471906928805,0.0,0.8503509736586513,0.3820714966117999,0.0,0.8034214981378256,0.6412567529404845,0.855039867667017,0.0,0.0,0.3336254308722897,1.7666004401368016,1.0946240258376678,4.130330666404698,3.2600560518627595,1.0272886467677178,3.423981260085805,0.9384125306887732,0.8967043273888801,0.4509405845128024,0.7759469190308075,0.8702249145519222,7.887721462204093,8.39607752625271,8.033538246563221
W0432,0,0.4285714285714285,0.4285714285714285,0.4285714285714285,0.4285714285714285,0.0,0.4285714285714285,0.0,0.0,0.4285714285714285,0.0,0.0,0.4285714285714285,80.0,0.0,0.0,0.0,0.0,0.0,0.0,0.0,0.0,0.0,0.0,0.0,0.0,0.0,0.0
W0432,3,1.7822054306267985,1.1450513229686397,1.5202844521652936,1.6140572105680848,0.0,1.427458502215193,0.0,0.0,1.3536842139761165,0.0,0.0,1.994617684355488,11.113704753237794,2.282397640722652,0.5259628548479915,5.644744375508646,6.846319740152872,6.6082800391579735,4.805450575685144,1.837191136820196,0.4593706262612954,0.3458960847595875,0.0312253381091097,0.2537321656867742,5.467878922574773,4.5796008965064505,4.939567528348454
W0432,6,1.2702632406254042,0.4615518245983783,1.002077190438596,1.0057700976908246,0.0,0.4596494737926416,0.0,0.0,0.5717548334982061,0.0,0.0,0.8713140917336687,0.3825223498610385,1.908365773590465,0.5951862698859213,3.620312094332456,5.144847156386038,1.787452336831313,2.370396530333095,0.8008179446868524,0.9040791351377756,0.9967600330141824,0.3073226328380845,0.8863701673142931,9.674315136553831,8.590146836756928,9.493579979218776
W0459,0,0.5,0.5,0.0,0.5,0.5,0.0,0.0,0.5,0.0,0.0,0.0,0.5,80.0,0.0,0.0,0.0,0.0,0.0,0.0,0.0,0.0,0.0,0.0,0.0,0.0,0.0,0.0
W0459,3,2.1745276540075844,1.5094108952527114,0.0,2.268958241539476,1.9671432475446315,0.0,0.0,2.6384630899165518,0.0,0.0,0.0,2.196010531715877,8.081920635975727,1.4311858390634564,1.6310756449035886,7.229816339901085,6.357838650512175,7.713337203999801,5.218846845395329,4.70943003854268,0.4642024766823456,3.0056553361876626,0.1672532625413726,0.5097145666743812,5.316634179434354,5.209295145951407,4.187077237595023
W0459,6,1.3074524123022493,0.625219430817586,0.0,1.0219080783237149,1.044067887191355,0.0,0.0,1.2490581286134037,0.0,0.0,0.0,0.9818643444509576,0.3541831440996349,1.5326106466498757,0.9509940369053764,2.7812643718786587,4.562921093912532,1.7678608213308649,2.4235996399216293,1.4566029965692209,1.0541044827448294,0.5788198423062912,0.4693729553300178,1.0699173362317298,9.694878681716684,7.533275355683526,8.421960525100566
W0544,0,0.5,0.5,0.0,0.0,0.5,0.0,0.0,0.0,0.0,0.5,0.5,0.5,80.0,0.0,0.0,0.0,0.0,0.0,0.0,0.0,0.0,0.0,0.0,0.0,0.0,0.0,0.0
W0544,3,2.169752910431604,1.3295169906392577,0.0,0.0,1.807663239767432,0.0,0.0,0.0,0.0,1.871374338984728,1.6522914233768764,1.7730716657155012,7.941794391070065,0.9558445460580992,7.037577452497494,6.080154505760051,0.6707949263465623,6.415211019873978,9.80982742175344,0.2598321692319181,1.315674143256571,3.058683999572157,1.1489666048854117,0.0766107442447891,4.7190416766784455,5.807285201009214,2.956391167596886
W0544,6,1.6002828943054093,0.5675891960842425,0.0,0.0,0.9405291771384424,0.0,0.0,0.0,0.0,1.2820310347383397,0.9125697432174776,1.2176630653357672,0.2620823391873564,1.6585331532101202,3.443677317981051,2.1585692755330563,2.08060746376524,1.2665785437681667,2.9449883500638463,0.7869626683144679,1.2892435157638098,0.799467710879602,1.559165890412261,1.2924672907764292,7.391988091479594,7.726767957202005,6.814852722270692
W0555,0,0.375,0.0,0.375,0.375,0.0,0.375,0.0,0.375,0.0,0.375,0.375,0.375,80.0,0.0,0.0,0.0,0.0,0.0,0.0,0.0,0.0,0.0,0.0,0.0,0.0,0.0,0.0
W0555,3,1.1078065244804511,0.0,1.4114787880079305,1.6685533003977326,0.0,1.309802331711364,0.0,1.3719574330395092,0.0,1.4617021766631753,1.2955719267547996,1.2660078121335958,8.341342604647313,0.9655363414433924,5.891253823770825,3.758865868762626,5.179553905255947,6.403432428399878,6.350851097359652,3.784474423722632,1.3904976273226235,0.3635038391206604,0.9175246202117076,0.1997817203461243,4.971050321606231,3.973913594543824,4.415766350952815
W0555,6,1.0098933693963188,0.0,0.8327027952436836,0.7296328041411149,0.0,0.3640442045674605,0.0,0.7354643049544316,0.0,0.9128023796043389,0.5355097588618141,0.7507889968258119,0.2714381476147346,1.5517976345807616,0.8148313164892356,2.659485118398945,3.553047451501624,1.2733727328286508,2.590979012824431,0.9876811969999592,0.86063145013587,1.352064533316732,1.0170385190037714,0.8700723000533834,11.026870678941156,7.125076593210156,7.822623294296311
W0589,0,0.0,0.75,0.0,0.0,0.75,0.0,0.0,0.75,0.0,0.0,0.75,0.0,80.0,0.0,0.0,0.0,0.0,0.0,0.0,0.0,0.0,0.0,0.0,0.0,0.0,0.0,0.0
W0589,3,0.0,2.3458717454497195,0.0,0.0,2.7599047003151638,0.0,0.0,3.138367689483401,0.0,0.0,2.3154560939194377,0.0,10.811964864075524,1.0769147830641397,2.2051253782962563,7.295116553711514,0.6160836694863101,3.9982052500339615,10.215598327268792,5.751384382359849,1.8189238251040485,4.546174212397377,1.5015888527931558,0.2589410654769139,1.994417156624416,6.067798661871204,2.8144945482129406
W0589,6,0.0,1.0626502328433118,0.0,0.0,1.336823235072687,0.0,0.0,1.5433302247372065,0.0,0.0,1.21710855971298,0.0,0.1477877180078562,1.5942248134694728,2.1922824500119766,2.636685531000199,1.1314409662306937,1.0680015845654454,7.547248932074633,2.648750850868322,0.8739945076988809,0.3993096677355176,2.061580559430167,0.9954973959532424,5.302894759968798,9.311727671906043,6.659721744856182
W0800,0,0.5,0.5,0.0,0.5,0.0,0.5,0.0,0.5,0.0,0.0,0.5,0.0,80.0,0.0,0.0,0.0,0.0,0.0,0.0,0.0,0.0,0.0,0.0,0.0,0.0,0.0,0.0
W0800,3,2.038712474219152,1.5122605736956,0.0,2.268688221769864,0.0,1.8675178841243936,0.0,2.085475170976412,0.0,0.0,1.8247944992932967,0.0,8.184077044148388,0.1989199461997034,1.669486697480193,4.952130991332699,5.497120278218048,6.5120747175414975,9.422716028711717,4.736499671540965,1.442429960339639,0.310899886199709,1.028392928059267,0.5036250070201148,3.8473210100526583,4.917580269167922,5.068398521968364
W0800,6,1.6545928795998466,0.4348262920844365,0.0,0.97696036024,0.0,0.4743862044921539,0.0,1.087670770359339,0.0,0.0,0.7832138411138678,0.0,0.3676059786241681,1.3005670920026255,0.849116343222577,2.5140419081536063,4.375591841973507,1.5468264048297886,4.967670851570379,1.5084995456869317,1.1259060645929364,1.2891238862032222,1.397727540607493,0.7885741259231609,7.045436345017738,9.409975000934182,9.270637216521004
W0834,0,0.75,0.0,0.75,0.0,0.0,0.0,0.75,0.0,0.0,0.0,0.75,0.0,80.0,0.0,0.0,0.0,0.0,0.0,0.0,0.0,0.0,0.0,0.0,0.0,0.0,0.0,0.0
W0834,3,2.82620407715076,0.0,2.771740568160666,0.0,0.0,0.0,3.7151944684091145,0.0,0.0,0.0,2.5336621123655028,0.0,9.586194899676295,1.679348899682269,2.232413926562669,3.172225865141634,5.681240762484221,4.516978804147125,9.286162943063507,0.608808373659066,2.1676048767766947,0.016886841486457,6.644720558989686,0.1727122322271862,3.5853748803638874,7.307083441560973,3.57085523049709
W0834,6,1.895495644279252,0.0,1.5692179874125438,0.0,0.0,0.0,1.297037910302401,0.0,0.0,0.0,1.0108712801043749,0.0,0.2677297066177571,1.5416524789055157,0.8294309221899471,1.2901967150121612,2.876123433664444,1.4915979637421832,2.3147513024696846,0.9671496248357612,2.072898456720109,0.9454569776918756,4.59101494082568,1.0898329155148678,7.047327530981833,10.943053301498878,6.871262558891618
W1071,0,0.6,0.0,0.0,0.0,0.6,0.6,0.0,0.0,0.0,0.0,0.6,0.6,80.0,0.0,0.0,0.0,0.0,0.0,0.0,0.0,0.0,0.0,0.0,0.0,0.0,0.0,0.0
W1071,3,2.350253711082145,0.0,0.0,0.0,2.7717285230737216,2.1934953999499376,0.0,0.0,0.0,0.0,2.5204325251393924,2.483229830048056,8.882771509538498,1.073092631206539,0.3907093845792451,6.545870734514763,0.7136476629435565,9.448721605395452,7.826026742038277,1.8319022641582008,1.6761758891235594,3.014325264447248,1.0659502511278205,0.2004148301527001,6.326116964980128,2.3773447684935016,6.472425392911736
W1071,6,2.4829528047705267,0.0,0.0,0.0,1.499418575305925,0.7084455233138994,0.0,0.0,0.0,0.0,0.8299741098429586,1.3760813376654415,0.3354552850135351,1.7269110983309652,1.3603395430260266,2.0490926302142376,1.910359835638538,2.316019936989642,3.11461135112446,1.776391549525171,1.2305716606069033,0.6715628243096139,1.0261821975411776,1.2363403774928927,8.952138129609484,5.732677577990784,10.920488955476248
W1112,0,0.4285714285714285,0.4285714285714285,0.0,0.0,0.4285714285714285,0.4285714285714285,0.0,0.0,0.4285714285714285,0.4285714285714285,0.4285714285714285,0.0,80.0,0.0,0.0,0.0,0.0,0.0,0.0,0.0,0.0,0.0,0.0,0.0,0.0,0.0,0.0
W1112,3,2.1022755839435794,1.4531024459219677,0.0,0.0,1.7614808812337377,1.387728865845398,0.0,0.0,1.3767542877086398,1.7064624700200055,1.836376176058589,0.0,11.788592241966205,2.319546838251924,6.626815774905042,5.459891596567582,1.321364591797881,3.9634293799543054,9.978986902675446,1.8833440006364053,1.1273645973444155,3.0615891120407603,0.8048587573480095,0.0854478283399312,3.062488670381639,5.52551663369632,3.804623484306053
W1112,6,1.5296072288500049,0.5963486121170238,0.0,0.0,1.021676598911269,0.450502317518722,0.0,0.0,0.487709161384797,0.9644568661271388,0.7673139406054912,0.0,0.3860298187956384,1.7563566570983025,3.2497243559389632,3.385301412444646,2.301296643760121,1.084542029302584,5.0803480848644025,0.96520203679812,1.069896821563634,0.6843083635370619,2.0389229407896416,0.9266085931291312,4.957696058565604,10.532745736869146,8.294100964563501
W1128,0,0.0,0.0,0.5,0.0,0.0,0.0,0.5,0.5,0.5,0.5,0.0,0.5,80.0,0.0,0.0,0.0,0.0,0.0,0.0,0.0,0.0,0.0,0.0,0.0,0.0,0.0,0.0
W1128,3,0.0,0.0,1.971954837685594,0.0,0.0,0.0,2.317561747886552,2.208142182888257,1.352892453548953,1.983956014706608,0.0,1.9071542269777015,8.584921438893172,2.3401602858459296,8.074535013937632,3.288586815791192,4.439713442239317,4.9541433568921205,1.9418267565296048,4.941605448744056,0.2809236392622804,0.3971133162659914,3.3471077471968598,0.1035315938079681,5.287973412525638,6.099823363898762,2.1723608501570824
W1128,6,0.0,0.0,1.3450552306961945,0.0,0.0,0.0,0.9493372140852409,0.8955333069119613,0.4868764344368376,1.2059635189235,0.0,1.239928301405611,0.2322873699352964,2.148752225219998,0.9490425467519638,2.0788888279703683,3.3516060410388344,0.9025280608998524,2.083281883089772,0.8603741115691508,0.9291154815104944,1.316378806778642,1.3346058466243966,0.7250078969102738,9.547513153059064,10.067657877088369,6.044711853152212
W1162,0,0.4285714285714285,0.4285714285714285,0.4285714285714285,0.0,0.4285714285714285,0.0,0.4285714285714285,0.4285714285714285,0.0,0.4285714285714285,0.0,0.0,80.0,0.0,0.0,0.0,0.0,0.0,0.0,0.0,0.0,0.0,0.0,0.0,0.0,0.0,0.0
W1162,3,1.3519303907801468,1.181240902144144,1.6967502335692926,0.0,1.9714741312452,0.0,1.7206672554841638,1.762373899678274,0.0,1.9777972883950643,0.0,0.0,7.706762494628736,1.3975772623247154,7.041510251758026,5.346156216049244,3.8100416266889168,4.56066088076422,5.057000456395418,3.943467283385664,0.4204559521057766,2.472367721819899,2.869843249944199,0.120865334747141,2.4600344399538407,8.728871930043347,2.2403117139726443
W1162,6,1.251457206153648,0.3530624625525768,1.0538661228503334,0.0,0.5833012857047448,0.0,1.0833664329517108,0.7813146706431469,0.0,0.9477469526717732,0.0,0.0,0.1682371539983193,1.2798995082176967,1.0380732452770256,2.3478005589174398,2.923614920991528,1.0435517514098065,2.6168657698048774,1.287433943840897,0.7878279407940162,0.5847048544392578,3.8173142664268447,0.9476086518713778,7.59580014458601,13.238750053585797,5.220814178241065
W1201,0,0.0,0.5,0.0,0.0,0.0,0.0,0.0,0.5,0.5,0.5,0.5,0.5,80.0,0.0,0.0,0.0,0.0,0.0,0.0,0.0,0.0,0.0,0.0,0.0,0.0,0.0,0.0
W1201,3,0.0,1.3063127905195318,0.0,0.0,0.0,0.0,0.0,2.630698052386897,1.4582382205524198,2.2652995196167467,1.8464408668440624,1.905087938425977,9.545136755384007,1.8320743730542524,6.881418817411926,4.29294726360983,1.4952382831193038,6.350400750959116,7.471894285115451,4.47716188720546,1.5691986474152686,0.4069910207875964,0.945529639287032,0.0493319899337906,3.895107901668032,4.456604090982031,2.8601192290130824
W1201,6,0.0,0.6569518024756185,0.0,0.0,0.0,0.0,0.0,0.9089747524103066,0.6574011767463844,1.341689138296981,0.8459850486104616,1.38258012912693,0.2409486900217851,1.9208735001473636,3.669542551748438,2.696628181887672,2.879496540214784,1.466865558026715,3.9377636548446726,0.9207738554135292,1.341869129119655,1.5565538161869497,1.4305774872576298,0.4585476804040204,7.353989332697432,8.844090904761375,4.720568273532258
W1303,0,0.0,0.75,0.75,0.0,0.0,0.0,0.0,0.75,0.0,0.75,0.0,0.0,80.0,0.0,0.0,0.0,0.0,0.0,0.0,0.0,0.0,0.0,0.0,0.0,0.0,0.0,0.0
W1303,3,0.0,2.053920799209638,2.6953109828938806,0.0,0.0,0.0,0.0,4.010291465733051,0.0,3.432485280115085,0.0,0.0,12.384171669264342,1.275910895792217,7.6879401662289535,7.82622240011279,2.046053630026069,3.866844714900079,2.4733241890501927,5.680375800913923,0.1965864288348873,0.3165277221233959,0.2157612570019642,0.247991846875121,3.1907400655900124,8.337049434270218,2.14226308274085
W1303,6,0.0,0.8266335181757635,1.918116656884186,0.0,0.0,0.0,0.0,1.2268178312629123,0.0,1.937069534083801,0.0,0.0,0.3100322998348077,1.2485981529391554,0.7391481980388065,6.027263913057152,2.034723441123505,0.780098788982646,1.7731910415145855,0.9124569197758766,0.5167624288342829,1.1382904444722153,0.7723466028007872,0.4296126204627326,7.849029898141804,12.864549866496256,5.4119686372539935
W1363,0,0.0,0.0,0.75,0.0,0.75,0.0,0.0,0.75,0.0,0.0,0.0,0.75,80.0,0.0,0.0,0.0,0.0,0.0,0.0,0.0,0.0,0.0,0.0,0.0,0.0,0.0,0.0
W1363,3,0.0,0.0,2.381900131877283,0.0,3.080325956527586,0.0,0.0,2.696397201442891,0.0,0.0,0.0,3.096791170418089,5.854529842980233,3.022293652222776,2.44472516650922,7.831503769777931,2.3809088446308118,7.0401352984156205,1.5477601662528804,5.948046470156062,0.5712792858231199,3.94102965238762,0.2769841645666574,0.1865660630828793,7.139739512652018,4.088685236188726,2.629960552893611
W1363,6,0.0,0.0,1.4713985168444264,0.0,1.1246370074818577,0.0,0.0,1.5694370559729414,0.0,0.0,0.0,1.361794633743879,0.1764295752510805,3.9970710442155646,0.853135539812573,6.476894947818335,2.362381159672124,0.9549875340831232,1.4108761303215251,2.3892264525809974,0.641480806224735,0.2387655392062048,0.5369917589736922,0.7152977202333938,9.610595997907163,6.0509083894026885,5.490760389686896
W1446,0,0.6,0.6,0.0,0.6,0.0,0.6,0.0,0.0,0.0,0.0,0.0,0.6,80.0,0.0,0.0,0.0,0.0,0.0,0.0,0.0,0.0,0.0,0.0,0.0,0.0,0.0,0.0
W1446,3,2.181657931144513,1.857739462013107,0.0,2.760061437869284,0.0,2.375010980711174,0.0,0.0,0.0,0.0,0.0,2.5485437363484102,9.60041218967264,0.3831966791935196,0.4583291360135763,6.094242564105141,8.826297548134683,10.36792751439938,5.0172719328068185,2.4979973520608,0.7055012605073285,0.1666292721778854,0.1366498079197101,0.5762362114546171,6.815297600438239,3.7173484524643854,5.652431705947541
W1446,6,1.9623757147629288,0.659072899528572,0.0,1.2215246259613155,0.0,0.6946743634903048,0.0,0.0,0.0,0.0,0.0,1.1174966808431177,0.4599797264876244,1.624849602428974,0.777309791566067,3.160799889445601,4.921370054124305,2.270989510051684,2.20272329537648,1.4658298618779,1.1130804737453748,0.6700143558753088,0.3199806683570307,1.001416667124431,11.702261081436388,7.215835860343951,10.3669435516831
W1483,0,0.0,0.0,0.4285714285714285,0.4285714285714285,0.4285714285714285,0.0,0.4285714285714285,0.4285714285714285,0.0,0.0,0.4285714285714285,0.4285714285714285,80.0,0.0,0.0,0.0,0.0,0.0,0.0,0.0,0.0,0.0,0.0,0.0,0.0,0.0,0.0
W1483,3,0.0,0.0,1.266243224480761,1.6212735302199526,1.594168653479442,0.0,1.8575850586586768,2.144003596154555,0.0,0.0,1.7971664019646727,1.8086994131612868,5.530740173029699,1.6614540368666937,2.553568355614618,4.143945811917748,8.43296952286262,5.321982186423694,4.732611795111172,3.3243357140921543,1.0601069499376456,2.974985396520567,2.658532285044232,0.3372485413415264,5.29277548847976,5.204844584276322,3.1122990285027834
W1483,6,0.0,0.0,0.943789849666986,0.868411384150053,0.7461181305710883,0.0,0.7444264641547825,0.826862412724075,0.0,0.0,0.4753168562291128,0.6936632806253685,0.2655264076425349,2.062793812590105,0.911306928351173,1.694586933767138,4.713155820453112,2.2510351573561813,3.283681457414349,1.5155514378584931,1.4418300951283012,0.6984802229710265,1.6407939759037364,1.587459275209812,9.900902103017792,7.46818189531197,6.01659912999995
W1554,0,0.375,0.0,0.375,0.375,0.375,0.0,0.0,0.375,0.375,0.375,0.375,0.0,80.0,0.0,0.0,0.0,0.0,0.0,0.0,0.0,0.0,0.0,0.0,0.0,0.0,0.0,0.0
W1554,3,1.099023815222208,0.0,1.171007273144917,1.4195780968941565,1.648670858598347,0.0,0.0,1.4713617254351468,1.2087525381915902,1.6939859569708928,1.3538458671515268,0.0,9.383680001972284,2.187298159128956,5.180266379488154,4.172834262367201,6.363277383596209,4.742866849050332,7.726649398436912,4.01290909430001,1.0655030354040949,2.425804665087681,0.5787901846532433,0.3767988674814881,2.706328592373952,5.611454700289825,3.2856232218927914
W1554,6,0.9999895310790184,0.0,0.941240886522785,0.939280050915805,0.9065914841118676,0.0,0.0,0.8024589059140415,0.4465989853631529,0.828568739816183,0.5925931229296206,0.0,0.2847870630424611,1.9930840876221352,0.935935188274004,2.937984135675759,4.418470905831132,1.3004792552713464,3.099774019540586,1.0206993556427624,1.0634966379439423,0.6243491821187309,1.4736872622448136,1.290899562940534,6.797138944237799,9.09871793876892,6.011049932694198
W1566,0,0.6,0.0,0.0,0.0,0.0,0.0,0.0,0.6,0.6,0.6,0.0,0.6,80.0,0.0,0.0,0.0,0.0,0.0,0.0,0.0,0.0,0.0,0.0,0.0,0.0,0.0,0.0
W1566,3,2.1632741380315386,0.0,0.0,0.0,0.0,0.0,0.0,2.668166743804116,1.5677922986745532,2.244450517470664,0.0,2.9514034502191606,10.288720075107603,2.1845758740036434,8.851782765816594,3.2304571817521577,1.6366853128826575,7.358691384919747,5.359738946611717,5.548051425646128,0.5828035151349221,0.4631322679690718,0.087563043614195,0.2756110417727873,4.086048563805823,4.148370104006942,3.07282687440283
W1566,6,1.8846633448424588,0.0,0.0,0.0,0.0,0.0,0.0,1.1249273188184203,0.766591385367567,1.2946131051541072,0.0,1.2259818020239248,0.2347740602447064,1.7253371289998116,4.019139198115475,2.6209489074483927,2.8108405535998555,1.0289178768466944,2.6681026027506887,0.8523559971119594,0.7902649268943005,1.4558721123622604,0.6474444737061718,0.5497188785816743,7.5320120941337825,8.182229422718038,7.785485294297482
W1569,0,0.0,0.5,0.5,0.5,0.0,0.5,0.0,0.0,0.0,0.5,0.0,0.5,80.0,0.0,0.0,0.0,0.0,0.0,0.0,0.0,0.0,0.0,0.0,0.0,0.0,0.0,0.0
W1569,3,0.0,1.5689487518719345,1.728159092610292,1.7690319382301316,0.0,1.4329783322248395,0.0,0.0,0.0,2.4606957160355907,0.0,2.5113227295933083,12.622183204613378,1.1765889615641472,5.959269449604135,6.315729197020152,8.809740111428534,4.880138321395643,2.3845166883595885,1.8014997265509007,0.2810798148687092,0.201667156736196,0.1296341973670172,0.2841695145013684,6.422320849598438,6.285396993489026,4.503825518077499
W1569,6,0.0,0.3887844829940425,1.0558335028201926,1.0592463576395772,0.0,0.5093885812918133,0.0,0.0,0.0,1.3252973875130254,0.0,0.7788375895653931,0.2385252680361246,1.578734690462467,0.6530898678570438,6.504093058857273,5.102643457023055,1.5394154645037328,1.7494373274703112,1.055072824734416,0.7644320882798188,0.604256389313212,0.7781209722663303,0.6369787790137372,11.749555465092149,8.400793523992432,6.013844324724404
W1584,0,0.0,0.0,0.0,0.0,0.75,0.75,0.0,0.75,0.0,0.0,0.75,0.0,80.0,0.0,0.0,0.0,0.0,0.0,0.0,0.0,0.0,0.0,0.0,0.0,0.0,0.0,0.0
W1584,3,0.0,0.0,0.0,0.0,3.287966777076743,2.4130915601332825,0.0,3.801312905918318,0.0,0.0,2.807477023194996,0.0,6.61363976599902,1.2824464038502414,2.340434251030229,6.76154262883318,0.6127127036786694,6.779525127501975,8.062671264385337,8.255926313956328,1.5680626520577114,4.234098378029427,1.5059165707311548,0.2344558088770075,2.956737207384311,2.251292330960585,4.871871068323246
W1584,6,0.0,0.0,0.0,0.0,0.9612849157720844,0.7093110752542373,0.0,1.4608146860640348,0.0,0.0,1.2530991119800363,0.0,0.1796436728645034,1.4101139102048248,3.029471887243204,3.305893919537469,0.893304411162675,1.2262039971929617,8.170679479294783,5.404209480922158,0.5727564294115198,0.3041297670806699,1.7297855986530708,0.6003003391067396,5.541624573905494,5.460058322631371,10.825705234145577
W1618,0,0.5,0.0,0.5,0.5,0.0,0.0,0.0,0.5,0.0,0.5,0.5,0.0,80.0,0.0,0.0,0.0,0.0,0.0,0.0,0.0,0.0,0.0,0.0,0.0,0.0,0.0,0.0
W1618,3,1.9262228314620795,0.0,1.736484869692718,2.434541938307181,0.0,0.0,0.0,2.435483209170114,0.0,1.9696852495130797,1.670592847017866,0.0,8.062429388858243,1.144592191162571,6.017725324691918,2.45686094387451,5.815751182682781,4.485414450072801,7.227080005473255,4.170641547628144,1.384834503813354,0.3824090226614524,1.0674728162915508,0.47941083690867,2.413749016199586,5.6050802015703285,3.2983338879759314
W1618,6,1.3180625366078198,0.0,1.5460423025323418,1.0885390544507698,0.0,0.0,0.0,0.8627356582327336,0.0,1.0380183424164484,0.6355029059720835,0.0,0.3928022394997031,1.6891038739730826,0.6972612244934843,2.1388306902052867,3.4761528279329257,0.9399693213992412,2.2348157584998853,1.0071301083028608,0.9133952211292276,1.6420642078852172,1.5815586243034934,0.9287019997753052,8.878626467107464,9.14692678836628,5.721122474657372
W1622,0,0.6,0.0,0.0,0.0,0.6,0.6,0.0,0.6,0.0,0.0,0.6,0.0,80.0,0.0,0.0,0.0,0.0,0.0,0.0,0.0,0.0,0.0,0.0,0.0,0.0,0.0,0.0
W1622,3,2.491570542321796,0.0,0.0,0.0,2.547822892974088,1.9016551283808047,0.0,2.447567433998626,0.0,0.0,2.0996964812247505,0.0,8.192315268194832,1.2202804892246506,1.7090966159937448,4.314106645699971,0.6046265330087166,7.009428446242396,7.479898406397322,7.548617625672818,1.478682952056504,4.025631218085932,1.1890266610441795,0.2600414738780575,2.9085517174640216,3.38131764376027,4.874168666275096
W1622,6,2.0573458230126325,0.0,0.0,0.0,1.0506132479318424,0.5827369216527072,0.0,1.24419020084089,0.0,0.0,0.9778252910259532,0.0,0.2403983740042146,1.7003842594290917,3.4378572494715933,2.0898500726068496,1.387063390842191,1.3481517908963188,5.033459938818475,2.564297587778926,0.7049887875182613,0.3496548279039466,1.7571115490704412,0.7587754823169536,6.167016559891813,5.866802278271344,11.1700768257142
W1637,0,0.0,0.0,0.0,1.5,1.5,0.0,0.0,0.0,0.0,0.0,0.0,0.0,80.0,0.0,0.0,0.0,0.0,0.0,0.0,0.0,0.0,0.0,0.0,0.0,0.0,0.0,0.0
W1637,3,0.0,0.0,0.0,7.601961168204959,5.492360098419353,0.0,0.0,0.0,0.0,0.0,0.0,0.0,6.212239611550884,2.6120263182331382,0.3002208422148281,6.608550816517222,17.059151265350227,1.4187780423465128,2.116915027966673,0.381884050507618,1.22530114573787,6.010675362394319,0.3032221534321047,1.1989874059315142,3.833126334884661,4.190169422922864,2.589658482271032
W1637,6,0.0,0.0,0.0,3.507427840897865,2.345063166221553,0.0,0.0,0.0,0.0,0.0,0.0,0.0,0.3218974135397843,2.0943902732712623,0.2308318079090673,6.203931649434981,6.391670717933043,1.343047771518097,4.2279097287646366,0.9815522634032602,0.5853884850243728,0.2183513368363831,0.5835699441431432,1.4937938486299926,10.309139291378187,6.470137039697695,4.829070599073305
W1666,0,0.0,0.4285714285714285,0.0,0.4285714285714285,0.0,0.0,0.4285714285714285,0.4285714285714285,0.0,0.4285714285714285,0.4285714285714285,0.4285714285714285,80.0,0.0,0.0,0.0,0.0,0.0,0.0,0.0,0.0,0.0,0.0,0.0,0.0,0.0,0.0
W1666,3,0.0,1.2854981859853871,0.0,1.9821959505357751,0.0,0.0,1.708785576007014,1.798265753555656,0.0,1.661559532494,1.5687223133269623,1.8290251405711813,6.35627253315218,0.3458672065328209,7.153346906215934,3.6572226628573032,5.565179456181151,5.640170373954736,6.059658118638865,3.669633149704393,1.0369459168876929,0.3433782957659166,2.62111257494182,0.3617274448592119,4.785194090295005,6.898513768492406,3.0584104472956795
W1666,6,0.0,0.5059850921418712,0.0,1.3985126569755475,0.0,0.0,0.727371886416002,0.7567694265002601,0.0,0.9741409315767752,0.53340811510897,0.938786467731383,0.2345056453351432,1.5881163313221027,1.1411838166007693,1.7943538520675748,4.0534634094136095,1.5722193520865484,2.899404758844112,1.3038177265239237,1.2103596513754151,1.372737555493582,1.5692326663418663,0.7607533405680527,7.916332900553743,8.955619301932416,5.190887092823298
W1690,0,0.75,0.0,0.0,0.75,0.75,0.0,0.75,0.0,0.0,0.0,0.0,0.0,80.0,0.0,0.0,0.0,0.0,0.0,0.0,0.0,0.0,0.0,0.0,0.0,0.0,0.0,0.0
W1690,3,2.864479820711707,0.0,0.0,3.183291332380536,3.291649075307737,0.0,3.57917616558784,0.0,0.0,0.0,0.0,0.0,5.280431372858651,1.990742501218399,2.100513402550065,4.368086022562883,10.176611348156676,4.301078270073829,4.918566568116167,0.6479021784018806,0.7511810544119116,4.501865674419568,5.30752539741723,0.6055759582761285,3.0304943389485817,7.369272746862223,3.6164042285816818
W1690,6,1.653575739436003,0.0,0.0,1.2394150246234217,1.053567917009074,0.0,1.3177590870450622,0.0,0.0,0.0,0.0,0.0,0.1505786286381413,1.6369795949617678,0.7328989564506357,1.38310888240205,4.0457748483014,1.7101112747427136,3.221832104918787,0.793030035308895,0.699122145118987,0.3401413991333303,4.802098293082404,1.6832742387567656,6.420770439291448,11.499084143938832,6.267232438810682
W1700,0,0.4285714285714285,0.4285714285714285,0.0,0.4285714285714285,0.0,0.0,0.0,0.4285714285714285,0.4285714285714285,0.4285714285714285,0.0,0.4285714285714285,80.0,0.0,0.0,0.0,0.0,0.0,0.0,0.0,0.0,0.0,0.0,0.0,0.0,0.0,0.0
W1700,3,1.8829766295899977,1.4220420300887868,0.0,1.6376225680059415,0.0,0.0,0.0,1.7508565054611989,1.1118312220313988,1.9875237698646304,0.0,2.190433818322824,9.531681126510096,1.4438247583253223,6.206621829012243,4.029617567880712,7.473294121092962,6.733764984219266,4.578191434483044,4.484586300816127,0.5527691980953873,0.4015602055094405,0.0981611713618545,0.4537724954952152,3.642457148445989,5.609960864751356,2.9542656714653104
W1700,6,1.3056534529641368,0.4209904407119562,0.0,1.2322193831748796,0.0,0.0,0.0,0.9204796050836784,0.5288022906947154,1.0030267386076506,0.0,0.9069985669321132,0.2137835629923478,1.695709260622405,0.962809194743094,2.8254888629899564,3.4433478438197844,1.0551656397077611,2.9604204525284468,0.8309602808951562,0.7386050414157797,1.8921181137089191,0.6234203684562795,0.794292202544883,7.592227275864567,9.70601743166306,8.945426381900667
W1718,0,0.6,0.0,0.0,0.0,0.6,0.0,0.6,0.6,0.0,0.6,0.0,0.0,80.0,0.0,0.0,0.0,0.0,0.0,0.0,0.0,0.0,0.0,0.0,0.0,0.0,0.0,0.0
W1718,3,2.354752930692554,0.0,0.0,0.0,2.4958965907557147,0.0,2.633365077542326,2.4653036545057803,0.0,2.646450629346089,0.0,0.0,5.110793135743654,1.0351011753682675,11.18320183705134,3.5704192459232007,3.416075475616548,6.030923547521981,4.132363153656228,4.521707286470558,0.7534703544017857,3.393042842604636,3.2519276025249075,0.2663627691063332,2.041438333547416,6.194955660443376,1.915455770863161
W1718,6,1.635559798846194,0.0,0.0,0.0,0.9315959433694724,0.0,1.1375259863717346,1.1536429321285206,0.0,1.0239373914847716,0.0,0.0,0.2443792894704705,1.1821154919033368,5.070231849728369,1.679752544021674,3.000206151436948,1.0779285228380624,3.9776708444024766,1.1842190417850789,0.7175513690773205,0.3870787900124404,3.547547555505198,1.087051629401789,4.590654424495088,9.175410561850544,5.582478086188411
W1731,0,0.0,0.0,0.0,0.6,0.6,0.6,0.6,0.0,0.6,0.0,0.0,0.0,80.0,0.0,0.0,0.0,0.0,0.0,0.0,0.0,0.0,0.0,0.0,0.0,0.0,0.0,0.0
W1731,3,0.0,0.0,0.0,2.795034295360775,2.2807204815246616,1.7152868911108663,2.5148804269673564,0.0,1.7612468661517455,0.0,0.0,0.0,8.040825724546917,3.3937786252654902,1.827116436225385,5.666524953655619,10.828968237057394,2.232326870067387,3.614538699300791,2.648913945242102,0.3036176858892923,4.008397746447394,3.3539926463179315,0.4362876326818107,3.7146156141836295,4.28822561313036,3.7416624304962265
W1731,6,0.0,0.0,0.0,1.366334662643227,0.9109114293796504,0.4601569609391865,1.425448237280078,0.0,0.5716050076965887,0.0,0.0,0.0,0.2575423135268606,3.0879346993521524,0.8513501507375664,2.3331686840654204,7.466336399244842,1.8739822564433295,4.828620098622628,0.8571652646267702,0.7252774826267098,0.3706883827017481,4.832967633315482,0.8703191408537512,7.177590061474794,8.433126705969745,5.135579054773899
W1799,0,0.5,0.5,0.0,0.0,0.5,0.5,0.0,0.0,0.5,0.0,0.0,0.5,80.0,0.0,0.0,0.0,0.0,0.0,0.0,0.0,0.0,0.0,0.0,0.0,0.0,0.0,0.0
W1799,3,2.0497481003013074,1.3114217722107036,0.0,0.0,2.110073331471473,2.026001754178838,0.0,0.0,1.5448926087143977,0.0,0.0,2.2629318443526216,8.908859697185779,2.206779260157954,0.5354358704610466,7.529666936633832,1.9488766627421832,8.122326701605745,7.447044990992811,2.0855046942739266,0.4679403564012053,3.084777592986338,0.1341341431147787,0.1342476657848612,5.552021043739158,3.792273553026,4.631059193132423
W1799,6,2.0708948589316973,0.5148446178941156,0.0,0.0,1.0487919078393158,0.5379187180068784,0.0,0.0,0.7204651318774232,0.0,0.0,1.2646208177589398,0.3540394739079937,2.1618795474750736,1.1740404851214776,3.623856280512472,2.8612115325086536,2.182215743261861,2.5896204576401955,1.2553456497084206,0.984959330835527,0.4430976942506135,0.6434688141377589,1.260255049803216,8.676768086331808,7.612976540514018,11.411928594202347
W1822,0,0.4285714285714285,0.4285714285714285,0.4285714285714285,0.0,0.0,0.0,0.0,0.4285714285714285,0.4285714285714285,0.0,0.4285714285714285,0.4285714285714285,80.0,0.0,0.0,0.0,0.0,0.0,0.0,0.0,0.0,0.0,0.0,0.0,0.0,0.0,0.0
W1822,3,1.4716008340095488,1.1860658318448245,1.6534394748159058,0.0,0.0,0.0,0.0,2.090829757501939,1.3132722237431589,0.0,1.519230116005623,1.921987429098453,11.7166743540543,2.1288266289215048,1.4212340365603195,4.946339640276551,2.521136517760517,6.521828338932734,8.289001442586619,3.9424599493595256,1.0619835611711277,0.2500064268173879,0.8904115377915552,0.124056748862482,5.350728070665267,5.545016138286886,3.646513596138195
W1822,6,1.2215760228588342,0.4382178358577289,1.1135303009061768,0.0,0.0,0.0,0.0,1.0322840165667295,0.6997447145975464,0.0,0.6193541287075814,0.9960406718095304,0.3408231159686387,2.17923853091734,0.8613361657692917,2.040942554380692,3.3795911999715558,1.3671923275040785,2.1827295449519992,1.024737201106129,1.8647088774603071,1.5627838883073386,0.9776347913771628,0.6615336234283864,8.805900025164917,8.914938196750077,8.587041132025213
W1874,0,0.3,0.3,0.3,0.0,0.3,0.3,0.3,0.0,0.3,0.3,0.3,0.3,80.0,0.0,0.0,0.0,0.0,0.0,0.0,0.0,0.0,0.0,0.0,0.0,0.0,0.0,0.0
W1874,3,1.1275190106300472,1.0401508321647372,0.8825791546028254,0.0,1.297790382575163,1.1434812537196437,1.3091949940122394,0.0,0.9722938809436614,1.3014642320502,1.0163554115669564,1.244648492653646,8.93243704886574,2.1485507080964057,4.23913228626193,4.727640488105778,3.511896275435615,4.6940013674642,6.5369468517485405,1.639037576865554,1.135537763674446,2.266069793145116,2.249764876037516,0.021765191184949,3.967354287801157,6.741255511411234,4.187080587902793
W1874,6,0.7667414014647813,0.2954565915526791,1.087001625142214,0.0,0.5834859198859068,0.2684324490733896,0.877026314847385,0.0,0.3147583565244513,0.6515604534377353,0.4137690879144295,0.7341209647801235,0.3270105259291818,1.6636103817293169,1.2911979357915464,2.1697210443628294,3.695873790076831,1.663873931097068,3.181542410807332,0.8629901115768148,1.364599603955989,0.6472300392423325,1.9410348122562733,1.3550705503268368,8.213488734497375,9.274279400518372,7.2234277747931985
W1906,0,0.75,0.75,0.0,0.0,0.0,0.0,0.75,0.0,0.75,0.0,0.0,0.0,80.0,0.0,0.0,0.0,0.0,0.0,0.0,0.0,0.0,0.0,0.0,0.0,0.0,0.0,0.0
W1906,3,3.1466250078982045,2.112108918182557,0.0,0.0,0.0,0.0,3.527705653888716,0.0,2.032670332747503,0.0,0.0,0.0,9.302168213442704,2.3786524595967657,1.5508058675952254,5.320093055579665,6.227038696268763,3.641956556536533,8.720337363799349,1.6920809742638652,0.5739509156755417,0.1685063730251585,5.018876283134309,0.060317042489693,2.0285809372687207,7.130816959318048,2.905558980271947
W1906,6,2.018710029477635,0.9262026334697888,0.0,0.0,0.0,0.0,1.8688345585413388,0.0,0.8144754971195608,0.0,0.0,0.0,0.3737861447512158,1.7787004131805637,2.1377197333061777,1.4421012494670145,4.847152718791829,1.5917721083225498,3.2070874044830595,0.836810061086368,1.1617246619563084,0.7416304154972462,4.455605529561078,0.4960354522539465,3.1063303953483783,14.55817901722416,6.99518626809389
W1952,0,0.0,0.5,0.0,0.0,0.5,0.5,0.0,0.5,0.5,0.0,0.0,0.5,80.0,0.0,0.0,0.0,0.0,0.0,0.0,0.0,0.0,0.0,0.0,0.0,0.0,0.0,0.0
W1952,3,0.0,1.4289424198555083,0.0,0.0,1.9814744925714176,1.6585936392578546,0.0,2.1806676974159003,1.8229827943302912,0.0,0.0,2.009574963272451,11.11280767131293,2.540850110213597,1.8522545365406555,7.439876129729074,2.2233698116057345,7.94981528341922,4.678891110688761,5.678494789926486,0.1927493669181386,2.997065111123555,0.1110522385759683,0.2124444485102456,5.1509756698706965,4.380017974246631,3.603711699210112
W1952,6,0.0,0.5547838149303234,0.0,0.0,0.7315264080981356,0.5194390123457479,0.0,1.2206719352922846,0.8249702134744406,0.0,0.0,1.2398810436079537,0.2360629202378602,2.670685546096808,2.010093768086361,7.833608029954206,2.716901935325726,1.1656011635069563,2.400489491152965,0.9155090491730078,0.7893891133334419,0.4171368311466036,0.5386043906068679,0.6323559806331346,10.059141502211936,6.705783562882694,6.487179587792129
W1963,0,0.6,0.0,0.0,0.0,0.6,0.0,0.0,0.6,0.6,0.0,0.0,0.6,80.0,0.0,0.0,0.0,0.0,0.0,0.0,0.0,0.0,0.0,0.0,0.0,0.0,0.0,0.0
W1963,3,2.2924770595562163,0.0,0.0,0.0,2.4038977848263423,0.0,0.0,2.220918921283704,1.7030294800606314,0.0,0.0,2.658411659374257,10.879578958088144,2.831770897623471,1.8203696260307185,5.003643667854839,1.6640166610414444,8.314541456163417,6.707423700139624,4.670292115473635,0.7026941450419841,3.817746015148358,0.1086264968593025,0.2259606315581802,4.670434034860862,3.3028842932911067,3.737991636825188
W1963,6,1.6987747892834657,0.0,0.0,0.0,1.1417798547123663,0.0,0.0,1.168837351269628,0.9797908288028214,0.0,0.0,1.4412330560316065,0.3380603187583187,2.272693264856422,2.576700521727648,2.3793113834367903,3.2536478883726785,1.3914945296849588,1.8593358781382536,1.0141645936998014,0.9407078076543908,0.6223773571669724,0.4599600334389763,1.0042025093840024,10.019019846713176,6.548820377380786,7.572744243512778
W2250,0,0.0,0.0,0.0,0.75,0.75,0.0,0.0,0.75,0.75,0.0,0.0,0.0,80.0,0.0,0.0,0.0,0.0,0.0,0.0,0.0,0.0,0.0,0.0,0.0,0.0,0.0,0.0
W2250,3,0.0,0.0,0.0,3.249922694939204,3.0646217590479865,0.0,0.0,3.133894812280676,2.3298028325442752,0.0,0.0,0.0,8.698710711106136,4.657703968653835,2.1956216332411103,5.404426464401075,11.38197399010037,4.785984461216358,3.925253483170536,8.119134543109537,0.340370890324852,4.895347967807827,0.1406932104105905,0.6283104467842182,2.326007159431602,3.713724973678857,2.22985263120295
W2250,6,0.0,0.0,0.0,1.6905720147629888,1.4053033157130723,0.0,0.0,1.3910216204887536,0.9970183252023772,0.0,0.0,0.0,0.4457889652807469,2.6591235433720333,0.6639539986648499,5.442477870259305,5.399812473028914,1.2476182527721158,4.981875137590916,0.8442202534724667,0.9756846214589566,0.5751260758627157,0.5161618773240633,1.227979044085775,5.886711777394411,7.202835142922925,4.3745609935107534
W2264,0,0.0,0.0,0.375,0.0,0.375,0.375,0.375,0.375,0.0,0.375,0.375,0.375,80.0,0.0,0.0,0.0,0.0,0.0,0.0,0.0,0.0,0.0,0.0,0.0,0.0,0.0,0.0
W2264,3,0.0,0.0,1.337916295315847,0.0,1.5103460579998258,1.233580676138255,1.7587877318898906,1.810058979711398,0.0,1.395443536971346,1.2610492303470242,1.6530957929306431,7.0737264438782645,1.418379164902343,7.05539630648943,5.042423002106659,3.380298081893011,5.944472319947742,4.042525568300438,3.894963213728765,0.9578073598137444,2.516733748818236,2.730775262847425,0.1901442307928176,5.426408337086866,5.195831200928435,3.5322966697718527
W2264,6,0.0,0.0,1.0175190424805052,0.0,0.6680017138968871,0.2985515007028844,0.7595085782168467,0.6461427377442478,0.0,0.9599760042601504,0.4469894907228106,0.7633052303034358,0.2461437585747133,1.9311589196425176,1.363471326727736,2.1736023024158,3.3128558490161155,1.2627898187255473,3.297780664715112,1.7421018724670216,1.1387755336373324,0.6372185931953369,2.050261213246477,0.8956905294189722,11.317435713337671,9.625009523806822,6.10394245732688
W2340,0,0.0,1.5,0.0,0.0,0.0,0.0,0.0,1.5,0.0,0.0,0.0,0.0,80.0,0.0,0.0,0.0,0.0,0.0,0.0,0.0,0.0,0.0,0.0,0.0,0.0,0.0,0.0
W2340,3,0.0,4.534430814326221,0.0,0.0,0.0,0.0,0.0,6.260845456347225,0.0,0.0,0.0,0.0,9.62337179849336,0.4406898380160558,3.97759012357152,7.231745054088829,0.6015422988992393,6.881632857513332,3.752390454059758,10.180523636696984,0.1389351042116698,0.6568434633109247,0.1661458351885905,0.3053532417395603,1.7019849901376105,5.994101566394823,1.8877245398177744
W2340,6,0.0,2.7993933379410274,0.0,0.0,0.0,0.0,0.0,2.6810319955980204,0.0,0.0,0.0,0.0,0.172356600205851,1.7508267686280077,2.027782096312349,8.610963721842154,1.6879799960576456,0.6697523434346043,4.612612834271188,2.093567286218597,0.4182355891633051,1.375367764891741,0.7522231638975865,0.2975617289421227,6.903250549657248,11.114435592889068,4.9650482316665645
W2430,0,0.0,0.5,0.5,0.0,0.0,0.0,0.5,0.5,0.0,0.5,0.5,0.0,80.0,0.0,0.0,0.0,0.0,0.0,0.0,0.0,0.0,0.0,0.0,0.0,0.0,0.0,0.0
W2430,3,0.0,1.572369211632896,1.6820439768996958,0.0,0.0,0.0,2.483707460954358,2.0198931370698125,0.0,2.0104739358964685,1.9968391649528552,0.0,10.158220594973583,1.1172615498132217,7.732710220625372,4.2681957546484455,4.461010026580043,2.9030442910847687,6.403520396411568,4.070900848361462,1.0912870464393318,0.2246055119258717,4.219800102078132,0.1763971880327173,2.432122917327552,7.595445278134173,2.467465344956282
W2430,6,0.0,0.5155668462496569,1.8686954229500952,0.0,0.0,0.0,1.005928526944835,0.9836140507604438,0.0,1.1064438649728954,0.6223609082988489,0.0,0.1438637430414714,1.1995391452070023,0.9943980816033008,1.8012062816486265,3.280176962918379,1.2845707485705804,2.8799801138094905,1.210587865902763,0.8713660758487849,1.2362628769390525,2.7241880410347434,0.6424629560018287,7.839776104307854,15.02754466900126,4.643473757399882
W2488,0,0.5,0.5,0.0,0.5,0.0,0.0,0.5,0.5,0.0,0.5,0.0,0.0,80.0,0.0,0.0,0.0,0.0,0.0,0.0,0.0,0.0,0.0,0.0,0.0,0.0,0.0,0.0
W2488,3,1.6204002003462243,1.330487993528835,0.0,1.7332269131742195,0.0,0.0,2.3015785159113307,2.193493876075605,0.0,2.404328906153523,0.0,0.0,7.215550913153621,0.2963942404963636,8.276775893837405,3.881490973479897,7.325445291517364,4.628617796179833,4.21225074712385,3.1024076546894266,0.5564362623761182,0.3940430741082808,2.45624459558616,0.4129452728096333,2.093525477652317,8.148046425998242,2.6289835053523456
W2488,6,1.1791333790004068,0.4827219639136118,0.0,1.500023287433749,0.0,0.0,1.068827409918094,0.911608891400492,0.0,0.986623972291905,0.0,0.0,0.236217610477902,1.335904784691983,0.8935998212615875,2.020797238845703,4.358832607072816,1.0735684454348136,2.6652894229604693,1.2435297432727643,0.7007305768892261,1.0066317391374404,3.388944556208029,0.8196318817116645,7.414365598346569,13.403253620216969,5.342488036244679
W2559,0,0.0,0.6,0.6,0.0,0.0,0.0,0.0,0.0,0.6,0.0,0.6,0.6,80.0,0.0,0.0,0.0,0.0,0.0,0.0,0.0,0.0,0.0,0.0,0.0,0.0,0.0,0.0
W2559,3,0.0,1.716949405206044,2.0452384078973025,0.0,0.0,0.0,0.0,0.0,1.7885919723072348,0.0,2.461084072509127,2.4751046820699583,12.671109718437116,2.9877148072735125,0.4648870272923513,6.155718912552791,3.755399782645256,4.884105759326635,10.04445678024989,1.1183554056592149,1.220807742225996,0.2225846550763571,1.208262437747485,0.0198128346950351,6.216695480386652,5.694524416734333,3.1855921070371034
W2559,6,0.0,0.4992903645531836,1.47782954771025,0.0,0.0,0.0,0.0,0.0,0.8807927324497512,0.0,1.1749755113325755,1.785517528682936,0.4009732796498123,2.316030934351546,0.7833280059124308,3.175162790467524,3.342618883646,1.9013626610071448,2.4857541814082555,0.7727928615306906,2.3976438807736864,1.0282973799772903,1.103315251322057,0.6513618729847872,10.421076734935784,8.632234225113296,6.54736211148952
W2615,0,0.75,0.0,0.75,0.0,0.0,0.0,0.0,0.0,0.0,0.75,0.0,0.75,80.0,0.0,0.0,0.0,0.0,0.0,0.0,0.0,0.0,0.0,0.0,0.0,0.0,0.0,0.0
W2615,3,2.7507553262868374,0.0,2.478695221648704,0.0,0.0,0.0,0.0,0.0,0.0,3.2327717296951315,0.0,3.246829578276799,9.172289313119103,1.5889355003092034,7.859912486515828,5.955895589153357,2.245287885035133,7.996849247340866,4.997128985661638,0.4203609497344119,0.815846526177549,0.0979834328211702,0.0392172924560778,0.0543956444972309,7.71452738248677,6.646629161749725,4.041706331576753
W2615,6,1.710422231607216,0.0,1.7025406426104115,0.0,0.0,0.0,0.0,0.0,0.0,1.3358705394867487,0.0,1.4423702584448792,0.2413578304898689,1.0816432021656015,0.6403417956638643,1.5034606263955408,1.909113454218563,0.7369898773445024,1.393177321310889,0.6905180138727327,0.7628670621541659,0.7247064788813289,0.8960939129701515,0.8761247696571743,13.1542470165186,8.75126654905244,9.187871918066037
W2634,0,0.4285714285714285,0.0,0.4285714285714285,0.4285714285714285,0.0,0.4285714285714285,0.4285714285714285,0.4285714285714285,0.0,0.0,0.4285714285714285,0.0,80.0,0.0,0.0,0.0,0.0,0.0,0.0,0.0,0.0,0.0,0.0,0.0,0.0,0.0,0.0
W2634,3,1.920706212029287,0.0,1.2362791856850983,1.7161106585986816,0.0,1.4571292663215965,2.000102939645009,1.6236334972170643,0.0,0.0,1.5121394017674512,0.0,7.502171012337742,1.0673098298826182,2.362750817708081,3.456218657897224,8.324055421138727,5.24322017436139,6.975719220638792,5.889260322318005,1.356324667792273,0.3383554879827594,2.928919232466943,0.4982487117705346,3.9683641656172943,5.829695453511727,4.197636975305387
W2634,6,1.0696797403628275,0.0,0.8437295296429731,0.8928137705153215,0.0,0.3815190547705842,0.8115746190729182,0.9971298506563244,0.0,0.0,0.4535182995936202,0.0,0.3265014169949554,1.4868504364652613,0.7549850375349477,1.7601696305992311,4.537759747854467,1.4222270399436083,2.8934479965171915,1.3891736550745075,0.9557745711784484,1.3830791659656223,3.5487639312022674,0.7551631890686766,6.531738682921452,7.786252094241466,7.731561636032254
W2735,0,0.6,0.6,0.6,0.0,0.0,0.0,0.0,0.0,0.0,0.6,0.0,0.6,80.0,0.0,0.0,0.0,0.0,0.0,0.0,0.0,0.0,0.0,0.0,0.0,0.0,0.0,0.0
W2735,3,2.377031464451351,1.73839709935511,2.1002765915519976,0.0,0.0,0.0,0.0,0.0,0.0,2.55709021978524,0.0,2.786318596955251,10.457078026976884,1.291597010756107,7.661594899462581,6.102624125430261,2.3230241573690487,6.613479347229977,6.236143882325002,0.6275030276679958,0.6836971051119214,0.0808688398455466,0.1288828257714048,-0.0029003981126024,6.32262010956873,7.385568188284269,3.8065891189083754
W2735,6,2.215598263827504,0.6606732151060305,1.3924477621579832,0.0,0.0,0.0,0.0,0.0,0.0,1.4860681370418485,0.0,1.1809461734895152,0.2652752151142936,1.2389297144190472,0.7943033879487589,2.494299887640044,2.1857197736446574,0.9722450489847504,1.5636794438164303,0.8019924447728356,0.7013314558060488,0.6960437911643629,0.8132700013193959,0.9925411869795012,11.46147802623651,10.970513233240627,9.03159646134008
W2834,0,0.3333333333333333,0.3333333333333333,0.3333333333333333,0.0,0.3333333333333333,0.3333333333333333,0.3333333333333333,0.3333333333333333,0.0,0.3333333333333333,0.0,0.3333333333333333,80.0,0.0,0.0,0.0,0.0,0.0,0.0,0.0,0.0,0.0,0.0,0.0,0.0,0.0,0.0
W2834,3,1.211514082176104,0.885657632380847,1.0137674559379948,0.0,1.34146224849716,0.8977856175892772,1.3157627264848346,1.3557334593140375,0.0,1.580385741344625,0.0,1.45268198914544,7.024671942523822,1.3785183226651074,4.778483308320285,5.709348406440396,2.935157350017773,7.608051639150156,3.99949639311298,4.211290629910415,0.4970038230516788,2.440857692923821,2.07524910417631,0.088263908727606,4.26281735592958,4.781112509577601,2.7536089283620484
W2834,6,0.9006210469753038,0.2910229943320045,1.0404719495642205,0.0,0.597496808496294,0.3151003170552541,1.083870955783785,0.4316187541586742,0.0,0.795132751491458,0.0,0.7176830196377423,0.2027334378964536,1.7403820665502288,1.391734412496699,1.8840511355202547,3.219772450125515,1.3013275583025656,2.8489964137902883,1.47929514508015,1.0300719787999857,0.5334822083293634,1.4942704316119957,0.9905788951225428,9.623073787717065,9.46849780984254,6.019499230766134
W2836,0,0.5,0.5,0.0,0.0,0.5,0.0,0.0,0.5,0.0,0.0,0.5,0.5,80.0,0.0,0.0,0.0,0.0,0.0,0.0,0.0,0.0,0.0,0.0,0.0,0.0,0.0,0.0
W2836,3,1.9547939069157396,1.5988120951906033,0.0,0.0,1.980982354423888,0.0,0.0,2.036893149340626,0.0,0.0,1.9064777042022687,2.5760619939745912,7.510277895525878,0.9668129582568644,1.7607443107102887,6.303602521825998,0.7427867517363981,9.253940270671665,8.810647651196023,4.078431769014888,1.534308568608597,2.8546325485778405,1.164754256184362,0.1373452558231671,5.3883788999437625,4.419382937856805,4.920893883061602
W2836,6,1.62705922314991,0.4030541795462795,0.0,0.0,0.96607640826317,0.0,0.0,1.2583557337887723,0.0,0.0,0.7051536942575566,0.8912257404270982,0.232526746418642,1.2508262092169935,1.8101699376649651,2.0863473336274643,2.009460595217512,1.82829333321984,2.168440254134638,1.677482718635455,1.0398673150145907,0.6280078561894943,1.0958039039329748,1.4356584825696328,7.54960866919764,8.943004755404433,7.927347311717009
W2901,0,0.4285714285714285,0.4285714285714285,0.4285714285714285,0.4285714285714285,0.4285714285714285,0.0,0.0,0.0,0.0,0.4285714285714285,0.0,0.4285714285714285,80.0,0.0,0.0,0.0,0.0,0.0,0.0,0.0,0.0,0.0,0.0,0.0,0.0,0.0,0.0
W2901,3,1.6756904038978235,1.2890502549777847,1.3194305669239064,1.4095161231359243,1.98303739700895,0.0,0.0,0.0,0.0,1.7551976346478908,0.0,1.666643852076082,8.75317468682143,1.857327933294306,6.088490321154753,7.764414987211343,4.99838021185996,5.674163131218962,4.923430043602412,0.4538326302426157,0.4866249811218308,2.641341005629923,0.134707469018774,0.3081708695095572,5.706369362633067,6.906051646396014,3.59843511879463
W2901,6,1.3304634762297587,0.4093322625001859,1.0002059971290922,0.7765832751974934,0.7704011741453349,0.0,0.0,0.0,0.0,0.9710830728329594,0.0,0.8899164547047498,0.3905923084814455,1.4342468025851318,0.7720720624382045,2.912126182325826,4.125616348756525,1.4187063921567435,1.6718587317935036,0.9267460451033942,1.088733934123605,0.617423011124893,0.7629829835786521,1.5860997299153798,10.178687727061298,10.18597702213026,7.38400923274747
W2905,0,0.0,0.6,0.6,0.0,0.0,0.6,0.0,0.6,0.0,0.0,0.6,0.0,80.0,0.0,0.0,0.0,0.0,0.0,0.0,0.0,0.0,0.0,0.0,0.0,0.0,0.0,0.0
W2905,3,0.0,1.7402986837464531,2.0946116970657958,0.0,0.0,2.2358885966596564,0.0,2.9920293453384463,0.0,0.0,2.377227269847837,0.0,11.043313251017771,1.0514804650310314,2.3060358729447223,6.4877032803418855,2.361538227405652,5.128970491690684,6.567075866112545,6.048015255803586,1.1975556086596082,0.3392377212917162,1.3191398946862858,0.0893320298019429,4.005141534304226,5.661432652329911,4.138309758184662
W2905,6,0.0,0.9506702355243444,1.492290439190082,0.0,0.0,0.7264036885651483,0.0,1.2087849896711955,0.0,0.0,1.273661951503499,0.0,0.3289434965810839,2.4910870341552407,0.8692474260658916,3.3251544792557985,2.056418540483432,1.3865125614850105,3.040856411179027,2.88177188966727,0.6805514609985683,1.15051404520796,1.5890711575786072,0.6791862732834937,9.010423733728397,7.381077231065252,6.898249110753874
W2981,0,0.0,0.0,0.75,0.75,0.0,0.0,0.0,0.0,0.0,0.75,0.75,0.0,80.0,0.0,0.0,0.0,0.0,0.0,0.0,0.0,0.0,0.0,0.0,0.0,0.0,0.0,0.0
W2981,3,0.0,0.0,2.586509048530183,2.997510452231309,0.0,0.0,0.0,0.0,0.0,3.097011504415633,2.738137201331317,0.0,8.820224642315361,1.4161057199960692,6.025785130378923,3.296259133690329,8.787821786599807,1.1773882127908546,7.43406530115099,0.1978949917508857,1.4552094101088204,0.3370387697765874,1.409921689148511,0.5619514865840272,4.843031240897826,6.437100476540646,3.049246678724258
W2981,6,0.0,0.0,1.5474565260924575,1.6811152119778336,0.0,0.0,0.0,0.0,0.0,1.4476573843023506,1.0337697986593803,0.0,0.35489124068988,1.0539261551664594,0.4894200756755246,2.3452435840430703,3.17304401749956,1.016432426167162,2.468929026459848,0.592771674358191,0.8938531216824865,1.7198889905943548,1.7907638714199157,0.9769169002048264,8.736645044908489,11.681644920191264,5.259669251570434
W3021,0,0.0,0.0,0.6,0.6,0.6,0.0,0.6,0.0,0.0,0.6,0.0,0.0,80.0,0.0,0.0,0.0,0.0,0.0,0.0,0.0,0.0,0.0,0.0,0.0,0.0,0.0,0.0
W3021,3,0.0,0.0,1.8891985861402991,2.2488545756313205,2.3181366276528848,0.0,2.412217758928692,0.0,0.0,2.578320747168923,0.0,0.0,6.691051734264474,2.490064599873114,5.9120442460239815,4.598151136230311,11.890899141570143,0.7509697749516197,1.5642853000452948,0.7307130944347997,0.2460281314073066,3.5840066579998955,3.8872354477848727,0.4740668120124615,3.878738888011645,7.923372353924537,1.6897038266727904
W3021,6,0.0,0.0,1.2456439356746465,1.1537628485194906,0.7576543027732305,0.0,1.001792072771004,0.0,0.0,0.9954882738419136,0.0,0.0,0.2426137897098711,2.0573708525700622,0.6140822055889942,1.8841675543346856,3.7582347861827934,1.054354850494536,2.013292845079719,0.7825996284839531,0.8669063651118174,0.4660946054434889,3.642484672547017,1.1253101611653165,8.825862171555416,15.787432909429617,3.1900284955593854
W3023,0,0.6,0.0,0.6,0.0,0.6,0.0,0.0,0.6,0.0,0.0,0.6,0.0,80.0,0.0,0.0,0.0,0.0,0.0,0.0,0.0,0.0,0.0,0.0,0.0,0.0,0.0,0.0
W3023,3,2.28981645539944,0.0,1.8962011177085123,0.0,2.518284933636005,0.0,0.0,2.5999546406777614,0.0,0.0,2.1750074603864293,0.0,8.131321304563984,2.1031704773540385,2.2323192575522843,5.3142506950895765,1.8202656948615543,6.86041928664173,9.9423970759446,3.644136983435232,1.3051784317646742,3.3541342624640063,1.065337450042354,0.2463054739149255,2.962929314618354,4.714924635407792,3.0068058132258058
W3023,6,1.5687600825905272,0.0,1.6699680248178652,0.0,1.1035872038345955,0.0,0.0,1.2196154425947057,0.0,0.0,0.808706841080762,0.0,0.3906133125883615,1.8131401429829688,1.018207869029243,2.443418104851788,2.5880468451415326,1.2577073672196808,3.1399154900376987,1.992358854283457,1.0764416617988068,0.4266789814393649,1.878014190004892,1.349429659712301,7.766166172425208,9.526480799135337,10.12050002537404
W3086,0,0.0,0.5,0.0,0.5,0.0,0.5,0.0,0.0,0.5,0.0,0.5,0.5,80.0,0.0,0.0,0.0,0.0,0.0,0.0,0.0,0.0,0.0,0.0,0.0,0.0,0.0,0.0
W3086,3,0.0,1.3129792426896727,0.0,2.065365185805161,0.0,1.7282203340898643,0.0,0.0,1.4112081714830702,0.0,1.9440663323103715,2.137790355795771,9.846114674764737,1.9025918018059065,0.3838658550498902,5.72242270315131,9.128592606711123,6.132507966734031,6.690701749806274,1.8648765126007547,1.1085549831416597,0.3160286890579585,1.285463619811388,0.2904486909920808,5.4958082670977095,4.06495793552701,4.803687325922505
W3086,6,0.0,0.5786646654481685,0.0,0.9160911944761886,0.0,0.5842304173109606,0.0,0.0,0.8085265717949554,0.0,0.9408549451187614,1.2030836795636424,0.4325056315221912,1.927002030232852,0.7017706012095816,3.066881934590354,6.70458024851607,2.714955259527252,2.6747687224234475,0.7861700680267351,1.704673612343527,1.3073216504042366,1.1463871693156635,0.515902086069818,9.501450502977242,8.074628742320753,7.241259145494149
W3100,0,0.0,0.0,0.0,0.0,0.0,0.6,0.6,0.6,0.6,0.0,0.6,0.0,80.0,0.0,0.0,0.0,0.0,0.0,0.0,0.0,0.0,0.0,0.0,0.0,0.0,0.0,0.0
W3100,3,0.0,0.0,0.0,0.0,0.0,2.0591562605579736,3.079717118702643,2.961924711704221,1.4028693631754376,0.0,2.269940840530288,0.0,9.181394148837846,2.1382744654624037,3.5906927348600197,2.401589556970022,4.3093437880722885,4.625816425020542,7.528285105360882,7.0228065352728,1.332458566738001,0.4318240260739554,4.572404781317319,0.1995975397987994,2.49986811315248,3.747458761081088,4.031120955997841
W3100,6,0.0,0.0,0.0,0.0,0.0,0.5536189010610905,1.0764695517242395,1.2680686081350854,0.8988357457803579,0.0,0.6918424398521162,0.0,0.1697762909698387,2.412831134606002,3.5207097917038888,1.364250298571304,3.9983565499648015,1.469233405118216,6.943189019472762,0.8313320647003655,0.927951183498008,1.05395659646231,4.078363944848597,0.4746637482652915,5.073051779597183,7.706602730801733,6.458623977352993
W3211,0,0.5,0.0,0.0,0.0,0.0,0.5,0.5,0.0,0.5,0.5,0.5,0.0,80.0,0.0,0.0,0.0,0.0,0.0,0.0,0.0,0.0,0.0,0.0,0.0,0.0,0.0,0.0
W3211,3,2.0306272756146315,0.0,0.0,0.0,0.0,1.7429827952555703,2.514871973404955,0.0,1.6454255925050676,2.2247968778088145,2.192109092204174,0.0,10.196596676106823,1.6023524051184566,7.328860579474784,3.109823084074174,4.054229875583359,3.754966958463236,7.237050494347552,2.6315861264063622,1.1453170423702546,0.1650839676529535,3.8195755974690666,0.1170760159681114,2.773829462582189,5.015742944963225,3.86647884541918
W3211,6,1.737403711600511,0.0,0.0,0.0,0.0,0.427161958844407,0.9775339143506252,0.0,0.6700215363386124,1.0699175158874703,0.5522922453373548,0.0,0.2309390746788999,1.5779990503491053,4.303922199803958,1.8991296442075132,4.127080035542037,1.228063818701186,4.72609890755635,0.6773201132004523,0.8205463260861399,0.7433461704850134,4.372194988682196,0.46694400937637,4.457745029671205,9.812837974899326,6.29472894445859
W3227,0,0.0,0.5,0.5,0.0,0.0,0.5,0.5,0.0,0.0,0.5,0.0,0.5,80.0,0.0,0.0,0.0,0.0,0.0,0.0,0.0,0.0,0.0,0.0,0.0,0.0,0.0,0.0
W3227,3,0.0,1.534190532189499,1.936095867948885,0.0,0.0,2.1837371227799967,1.946538137187113,0.0,0.0,1.8250821190174744,0.0,2.2542484001666265,11.598458416539223,1.1449839818759835,7.319624760670341,6.588022158348704,4.426563350045857,5.5091203337659485,2.2876333343947177,1.75272058085414,0.2272513261482822,0.0528319071584854,2.9966859253710822,0.1008980812792797,7.102257983910533,7.589238794242722,3.526109648210769
W3227,6,0.0,0.4980494977477455,1.222042679735046,0.0,0.0,0.3924623079833402,1.5632339347383493,0.0,0.0,0.8488190569944826,0.0,1.083435011433057,0.1947864234743704,1.500762395413965,0.9750857346107508,2.0994658606494747,2.9464366899552976,1.1186786342209198,2.1890440353656886,0.901566518131998,0.7762892598777122,0.5723112475150163,1.3318959174714904,0.5741731255897069,9.454581126065516,12.272866429558157,6.109332758309279
W3339,0,0.0,0.0,0.0,0.75,0.75,0.0,0.0,0.75,0.0,0.0,0.75,0.0,80.0,0.0,0.0,0.0,0.0,0.0,0.0,0.0,0.0,0.0,0.0,0.0,0.0,0.0,0.0
W3339,3,0.0,0.0,0.0,3.249934111658864,3.2040306617862417,0.0,0.0,2.871915686346298,0.0,0.0,2.5886841547685067,0.0,5.640085149020989,1.3297418936418168,1.826068359680868,5.360571191617783,7.933948394672092,4.007487408712034,7.933072375479343,6.312235567054462,1.7988684269663109,4.276462995681833,1.4075132889575002,0.6547956626466838,3.069832758239552,3.8573496091068336,2.8708151094978014
W3339,6,0.0,0.0,0.0,1.523065061092396,1.1171882496317953,0.0,0.0,1.4713399725356098,0.0,0.0,1.0375455003290774,0.0,0.3780383730640452,1.4286617483437405,0.7984647085697093,1.7494369707124358,4.510515608980233,1.9687710337920128,7.085615456624056,1.5499116186355273,0.9642038950693962,0.4824976697793314,2.076179361273034,1.2140906604664117,7.076607188935128,6.469861834665242,6.573295736007714
W3342,0,0.3333333333333333,0.3333333333333333,0.0,0.3333333333333333,0.3333333333333333,0.3333333333333333,0.3333333333333333,0.3333333333333333,0.3333333333333333,0.0,0.3333333333333333,0.0,80.0,0.0,0.0,0.0,0.0,0.0,0.0,0.0,0.0,0.0,0.0,0.0,0.0,0.0,0.0
W3342,3,1.2920256854386936,0.9566737235004694,0.0,1.2620471502815152,1.412804776520998,1.2676057814648918,1.6171026373665136,1.377483056669056,0.821067864861396,0.0,1.2616023393927371,0.0,9.844106024453716,1.6277787977382745,2.1005077712397964,4.946854150728979,7.208482170480657,4.314765845449704,7.958454464639877,3.755128624861916,0.7292942594529888,2.643319547538925,2.7284766815757147,0.363364275109116,3.474932190038845,5.612566122906673,3.9767070988030064
W3342,6,0.9986090641019526,0.4326241773658832,0.0,0.8516429073011383,0.7936177693011479,0.3753603892132817,0.7358248139481591,0.6649417827933333,0.4875359380502264,0.0,0.5072073866067736,0.0,0.2934377532632683,2.1024924084070147,1.318778844911873,2.2353635426835488,5.255697696117703,1.6820616194301554,4.945586111729958,1.199603205027442,1.0333206504684531,0.6973524318909486,3.0955096203902213,0.93549472579792,5.0459475596755405,7.841151301976782,6.176686237732036
W3399,0,0.6,0.0,0.0,0.0,0.0,0.6,0.0,0.6,0.6,0.6,0.0,0.0,80.0,0.0,0.0,0.0,0.0,0.0,0.0,0.0,0.0,0.0,0.0,0.0,0.0,0.0,0.0
W3399,3,2.3654882188788853,0.0,0.0,0.0,0.0,1.9796298917340551,0.0,2.206817894160571,1.925985554817246,2.5294954643114465,0.0,0.0,8.807539982162597,1.8776501300617072,8.710981852212749,3.3340149082371213,1.9545234800223896,7.558986830720109,6.191242960244322,6.891384623414645,0.4796952299221739,0.4473706455118109,0.0553876353545701,0.180138187086356,2.5205410431341884,4.74769178561748,4.490332866111199
W3399,6,2.1657661841246267,0.0,0.0,0.0,0.0,0.6091743767123802,0.0,1.4694391574894698,1.01653217214968,1.3268181678745334,0.0,0.0,0.3054790011179318,1.4645655442422685,4.005910973911818,3.081652420045,2.747649914041346,0.8319444409973555,4.206750097832311,0.8692110582599758,0.6241051053097771,1.1164143251388885,0.5675066907815493,0.7646270488208755,5.772904454842077,7.4877332987573935,9.465356282039942
W3495,0,0.5,0.5,0.0,0.0,0.5,0.5,0.0,0.0,0.0,0.5,0.5,0.0,80.0,0.0,0.0,0.0,0.0,0.0,0.0,0.0,0.0,0.0,0.0,0.0,0.0,0.0,0.0
W3495,3,1.889920972270651,1.5673798464989137,0.0,0.0,1.9980423523886268,1.7722717072648526,0.0,0.0,0.0,2.2739794044172656,1.8456756303474864,0.0,8.4377475110275,0.8971377540324939,7.24856099964676,5.027168175349853,0.6274646767385569,4.794639005423915,9.18657892327798,1.5079128413353058,1.2024613405867737,3.245658235161472,1.183480576572658,0.1036841224353397,2.4327222301730025,5.2049026250586365,4.33829306048232
W3495,6,1.7593913761673612,0.7346811615187329,0.0,0.0,0.8545916544296813,0.4763798358530934,0.0,0.0,0.0,1.3542298343816053,0.8397569157327816,0.0,0.281919536826604,1.3423783210663862,4.127786636993269,2.18878098850584,1.6493643476043964,1.1248475171231784,3.2286757210833743,0.9824949003111654,0.908881188665198,0.5323584700351012,2.2496982543358355,1.0327026344414052,4.975521257071208,9.638978556598442,8.187925223588977
W3555,0,0.0,0.4285714285714285,0.4285714285714285,0.4285714285714285,0.0,0.4285714285714285,0.4285714285714285,0.0,0.4285714285714285,0.0,0.0,0.4285714285714285,80.0,0.0,0.0,0.0,0.0,0.0,0.0,0.0,0.0,0.0,0.0,0.0,0.0,0.0,0.0
W3555,3,0.0,1.1919722733672558,1.4660886946145324,1.980476265121136,0.0,1.3949027475347804,2.021414745832477,0.0,0.9713578045573288,0.0,0.0,1.8244739915278945,9.581837566473256,1.984775878567472,1.3331146104188545,6.476153128822863,9.302868934687917,5.148938019146359,4.386835027841558,2.398793363279247,0.1960726449608728,0.4052204188416745,2.988725523538538,0.3312845054852706,6.958974244446795,5.717632158932743,4.730634052563567
W3555,6,0.0,0.4301667038696281,0.9463331511389246,0.6928662458520108,0.0,0.3783151177107814,1.0784168865996246,0.0,0.5882466074522438,0.0,0.0,0.9592754883375448,0.3422584481859733,2.645004218136346,0.8277654777273306,2.7757507063543456,4.390200966004451,2.221204180068968,2.8936074196883697,0.9709870519310392,1.6413983552382552,1.0366653430785704,1.4323119272286764,0.630871492688883,8.769929538561904,8.616199998132155,6.975300513894753
W3575,0,0.0,0.0,0.0,0.4285714285714285,0.4285714285714285,0.4285714285714285,0.0,0.4285714285714285,0.4285714285714285,0.4285714285714285,0.0,0.4285714285714285,80.0,0.0,0.0,0.0,0.0,0.0,0.0,0.0,0.0,0.0,0.0,0.0,0.0,0.0,0.0
W3575,3,0.0,0.0,0.0,2.0841813472164064,1.9020891451802528,1.4509264097493964,0.0,1.984759077850712,1.4201314058147303,1.9074141712039077,0.0,1.6560407258020764,6.348944330024762,2.297989355140692,7.693457842679985,5.751928865786265,7.136816118762064,5.647346677296081,2.955576513104279,4.754441728750785,0.1499954819547199,2.318835436907115,0.0172904058919011,0.4228911474539217,4.421560248053611,3.0787131484903325,3.388715147722425
W3575,6,0.0,0.0,0.0,1.1720970836233957,0.6731102276633006,0.3775243205449259,0.0,1.0080086402774595,0.5614021399793551,0.9889399724225424,0.0,0.8169440528699762,0.1653213316531034,2.6808873325965337,1.1904642728546373,6.529068905439012,5.174722776274252,1.2214962411587582,2.96531979908994,0.8098956040073971,0.8224651565254892,0.6438603251048892,0.6570237349362668,0.7103203255502687,8.31440647468727,7.585821682372821,5.502583296609622
W3662,0,0.0,0.375,0.375,0.375,0.0,0.375,0.375,0.375,0.0,0.375,0.375,0.0,80.0,0.0,0.0,0.0,0.0,0.0,0.0,0.0,0.0,0.0,0.0,0.0,0.0,0.0,0.0
W3662,3,0.0,1.1714788415462656,1.4016032616876375,1.5401417297498616,0.0,1.2120455559206968,1.593079374742835,1.863355638346876,0.0,1.7900593883642668,1.3378332126471824,0.0,8.19842840747343,0.8542914428484734,5.389979094512299,4.889622072075564,8.21505838114393,3.892663961663529,4.593333935778892,3.939886693459536,0.8348560603469523,0.2543748086177814,3.450672233723496,0.3677767759022995,3.3893284052933392,8.17248718320706,4.041475521619901
W3662,6,0.0,0.3783722692347114,0.9837643907180076,0.8395359470804583,0.0,0.3089272798969459,0.9501653433848528,0.6631273465201054,0.0,0.7688851877365352,0.5510193493566832,0.0,0.3227198654548602,1.7317420424693997,0.9048086468701764,2.1573544918021392,4.465207698514892,1.4526704961008918,4.107037576964485,1.3619738791706772,0.7512597217643946,1.2402827741026567,3.3680695751787364,0.6275549298063885,8.673020774116619,11.273085138562497,4.706374595436483
W3867,0,0.75,0.0,0.0,0.0,0.0,0.0,0.0,0.75,0.75,0.0,0.0,0.75,80.0,0.0,0.0,0.0,0.0,0.0,0.0,0.0,0.0,0.0,0.0,0.0,0.0,0.0,0.0
W3867,3,2.72669315635706,0.0,0.0,0.0,0.0,0.0,0.0,3.569755994108589,2.450825985203572,0.0,0.0,3.4731291052496904,10.595999102596602,2.4078095928348646,1.8715933487471652,3.2086371695898444,2.039992943145962,11.01547204148981,7.639550353683242,6.668924655127037,0.6790264062825859,0.5600507641988592,-0.0219550237083549,0.2290196324803893,5.464222191094764,2.3810544119099823,3.947897537286752
W3867,6,1.9918900227232328,0.0,0.0,0.0,0.0,0.0,0.0,1.6690835125833932,1.1952410010434358,0.0,0.0,1.5866576196987834,0.2537223680327349,2.185762062588191,1.971840901166024,2.1332416474209146,3.0898388459803026,1.0773350378261497,2.1051830801862152,0.8792940848361401,0.8664740881409904,1.90582574263916,0.3413982689528412,0.6999724313992172,9.749141988362236,7.909127015822031,8.963842816574015
W3870,0,0.0,0.0,1.0,0.0,0.0,1.0,0.0,0.0,0.0,0.0,1.0,0.0,80.0,0.0,0.0,0.0,0.0,0.0,0.0,0.0,0.0,0.0,0.0,0.0,0.0,0.0,0.0
W3870,3,0.0,0.0,3.7458943772993583,0.0,0.0,3.811940024908292,0.0,0.0,0.0,0.0,4.300881538713474,0.0,12.004733461298263,2.299709584997629,0.9492104062264604,4.936947676229166,2.955017860508293,3.481358777596781,10.059227319118278,2.3773734232337604,1.847443170324916,-0.0140681795629055,1.6404342894578874,0.0382825305619333,6.186393844346553,4.479639716400685,5.555823799662704
W3870,6,0.0,0.0,2.070276994401518,0.0,0.0,1.0542614980545582,0.0,0.0,0.0,0.0,1.69845663615242,0.0,0.5083739968983827,2.3987101843674865,0.7935515496891629,2.3398232544185054,3.5407304721231663,2.0438383440612085,3.3790906315068896,2.8257453600798224,1.2861095213616118,1.0332218242382916,2.595578271040111,0.6790551893173775,8.842195287404405,8.233051996612119,8.574482999927254
W3871,0,0.0,0.5,0.5,0.5,0.5,0.0,0.5,0.0,0.0,0.5,0.0,0.0,80.0,0.0,0.0,0.0,0.0,0.0,0.0,0.0,0.0,0.0,0.0,0.0,0.0,0.0,0.0
W3871,3,0.0,1.1668142454131296,1.7317092060304045,2.349292877980736,1.8916055955947464,0.0,2.144497448198455,0.0,0.0,2.1069342232046537,0.0,0.0,7.365914927926147,1.701404316865687,6.3271314259850255,6.462158176838829,10.95626665001067,0.8551424906619242,3.0751797853324536,0.7272334363870194,0.2168048531967196,2.679679530561721,3.464602010146192,0.3434247705365264,3.6295591909666696,10.184323685437034,1.948249592414012
W3871,6,0.0,0.5509932296524291,1.0279207082137036,1.080278359014165,0.9524576226133534,0.0,1.1107327418813115,0.0,0.0,0.7914057294963708,0.0,0.0,0.2363831952869428,1.6964242657945543,0.7381966903249165,1.8289321574545252,3.709789151865463,1.2039426596058032,2.861586800958513,0.8548661352318307,0.9417795448467778,0.3704788463578973,3.2833103049033507,0.9620140264409246,7.864428804169735,14.802992679572368,3.339950600072938
W3940,0,0.0,0.5,0.5,0.5,0.5,0.0,0.0,0.0,0.0,0.5,0.5,0.0,80.0,0.0,0.0,0.0,0.0,0.0,0.0,0.0,0.0,0.0,0.0,0.0,0.0,0.0,0.0
W3940,3,0.0,1.7213916208009272,1.8070008451482291,2.4957879700156647,2.048641628090079,0.0,0.0,0.0,0.0,1.9610279850643124,1.6698873147779107,0.0,11.261443566688056,2.023079681059507,6.43473616847888,6.461442504946442,7.479475950717057,1.001610977974297,5.963665982651074,0.2793003707640994,1.1405375664733377,3.159822501376914,0.6857035982477568,0.4002073129228012,3.281998757186276,8.742172506360195,2.323566080619998
W3940,6,0.0,0.5020161137700865,1.277551173361633,1.068879597651496,0.8782444667277252,0.0,0.0,0.0,0.0,0.9775174533504298,0.9554824963416488,0.0,0.4206898706160012,1.5260536822099329,0.7018410593218475,3.2216469987863885,4.028456700181797,1.26243705300294,3.490149684162253,0.7372481039282713,1.0560164779126553,0.6575549846430504,1.6291865584221494,1.3434511906181192,6.367361534478965,9.766292970384969,5.358013373500068
W3948,0,0.0,0.5,0.5,0.5,0.0,0.0,0.5,0.0,0.5,0.0,0.0,0.5,80.0,0.0,0.0,0.0,0.0,0.0,0.0,0.0,0.0,0.0,0.0,0.0,0.0,0.0,0.0
W3948,3,0.0,1.911417641289232,1.593592363953261,2.264298689512372,0.0,0.0,2.0139846855752923,0.0,1.76352448831825,0.0,0.0,2.226907724690488,9.234549537048306,2.7091184741077923,1.5802001853481809,5.671986496315927,11.156065274824485,4.21693550391927,3.842807239412286,1.5179105849826484,0.2403099987153887,0.4510460148848679,3.490708981496076,0.3020609503949872,6.101435595266749,6.652171405887198,2.403306227968364
W3948,6,0.0,0.5652432735251932,1.0908796356671548,1.207141298336234,0.0,0.0,1.1346182311219122,0.0,0.6160992153381732,0.0,0.0,0.9284232893368964,0.3044830335184469,2.330798683067149,0.654486689303115,2.612702572788623,4.877325987033046,2.248671173735364,2.895606662189424,0.7986173042008092,2.1648200316412165,1.2632972823903952,1.42143346409056,1.252202375473077,9.505848772430914,9.59430742512162,5.228350946432121
W3986,0,0.0,0.6,0.0,0.0,0.0,0.0,0.0,0.0,0.6,0.6,0.6,0.6,80.0,0.0,0.0,0.0,0.0,0.0,0.0,0.0,0.0,0.0,0.0,0.0,0.0,0.0,0.0
W3986,3,0.0,1.845393321991425,0.0,0.0,0.0,0.0,0.0,0.0,1.650581074006481,2.9434884955441865,2.5383996277214496,2.69511897214095,12.274240368999312,2.1396756113099538,6.993271220008923,5.070088496591478,1.5155180642376749,5.112715290819491,9.321681478669037,1.2214549612436902,1.52364491358085,0.1176572759944559,1.1920776678634886,-0.0085859513309242,4.819322393406532,6.454599467577968,3.403954605789404
W3986,6,0.0,0.8631830584517066,0.0,0.0,0.0,0.0,0.0,0.0,0.7088909457902607,1.2322412562172582,1.2350112286060653,1.5282592190263815,0.320489579975479,2.1960512456911263,4.623849373206831,3.280136512531062,2.963205399306645,1.3858716509509956,3.389680193056426,0.7417371061607146,1.4987594871341314,1.4220847838071646,1.4319783221958111,0.332265310938334,8.835195265686997,10.236448248284784,5.917397536950593
